שכונה,קוד שכונה,רחוב,סמל רחוב
א-טור,4,1, 
א-טור,4,אל חרדוב,4141
א-טור,4,אל כילה,4139
א-טור,4,אל מנסוריה,5585
א-טור,4,בית פאגי,4403
א-טור,4,דרך א טור שמואל ב,4281
א-טור,4,דרך מנהרת הר הצופ, 
א-טור,4,יציאה לכביש 1 מער, 
א-טור,4,יציאה למחלף הזית, 
א-טור,4,סולימן אל פרסי,5581
א-טור,4,רבעה אל עדוויה,5584
א-טור,4,שייח' ענבר,5583
א-סוואנה,746,אל מנסוריה,5585
א-סוואנה,746,דרך א טור שמואל ב,4281
א-סוואנה,746,דרך יריחו,4146
א-סוואנה,746,דרך שער האריות,5582
א-רם,751,60,4416
א-שייאח,745,א שייח',4150
א-שייאח,745,בית פאגי,4403
א-שייאח,745,דרך יריחו,4146
א-שייאח,745,ואדי עבדאללה,4400
אום טובא,28,398, 
אום טובא,28,אאל אל בית, 
אום טובא,28,אבו ד'ר אלע'פארי, 
אום טובא,28,אבו עקאב, 
אום טובא,28,אבן מסעוד,4745
אום טובא,28,אחמד אבן חנבל,4749
אום טובא,28,אל חביטיה, 
אום טובא,28,אל משהאד, 
אום טובא,28,אל ע'רס, 
אום טובא,28,אלביאד, 
אום טובא,28,אלביר שאוקי, 
אום טובא,28,אלג'רס, 
אום טובא,28,אלואד אלע'רבי, 
אום טובא,28,אלמדינה אלמונארה, 
אום טובא,28,אלמחאג'ר, 
אום טובא,28,אלסדר, 
אום טובא,28,אלקאעה, 
אום טובא,28,אלרסם, 
אום טובא,28,אלתון, 
אום טובא,28,אסביל, 
אום טובא,28,בנאת אבו בכר,4895
אום טובא,28,זרח ורהפטיג,193
אום טובא,28,טלעת אלמשהאד,4900
אום טובא,28,מסעדה, 
אום טובא,28,עבד אלעזיז, 
אום טובא,28,קיסאן,4911
אום טובא,28,שיעאב אל בטיח, 
אום ליסון,720,אבו רביע,5701
אום ליסון,720,אל ח'ולפאא אלראשד, 
אום ליסון,720,ביר אלזחלוק,4894
אום ליסון,720,משה ברזני,4336
אום ליסון,720,עולי הגרדום,4325
אזור תעשיה גב,144,בי''ח הרצוג עזרת נ, 
אזור תעשיה גב,144,בית הדפוס,895
אזור תעשיה גב,144,גבעת שאול,1143
אזור תעשיה גב,144,גרשון המלמד,1162
אזור תעשיה גב,144,דרך יוסף וייץ,893
אזור תעשיה גב,144,דרך מרדכי איש שלו,1040
אזור תעשיה גב,144,הרב אברהם דוד רוז, 
אזור תעשיה גב,144,הרב פנחס קהתי,943
אזור תעשיה גב,144,הרב רפאל קצנלבוג,1155
אזור תעשיה גב,144,השוק,6571
אזור תעשיה גב,144,יהושוע פרבשטיין,1023
אזור תעשיה גב,144,ימין אבות,935
אזור תעשיה גב,144,יעקב אליאב,928
אזור תעשיה גב,144,כנפי נשרים,995
אזור תעשיה גב,144,מגיני ירושלים,901
אזור תעשיה גב,144,מעלה רומאים, 
אזור תעשיה גב,144,משה קורדובירו,933
אזור תעשיה גב,144,נחום חפצדי,947
אזור תעשיה גב,144,עם ועולמו,898
אזור תעשיה גב,144,עקיבא אזולאי,929
אזור תעשיה גב,144,רבי ישראל נג'ארה,930
אזור תעשיה גב,144,רוברטו בקי,891
אזור תעשיה גב,144,שדרות בן גוריון,941
אזור תעשיה גב,144,שוק סיטונאי, 
אזור תעשיה גב,144,שטנר,894
אזור תעשיה עט,716,45, 
אזור תעשיה עט,716,60,4416
אזור תעשיה עט,716,איתן,4652
אזור תעשיה עט,716,דרך ביר נבאלה,4744
אזור תעשיה עט,716,היוזמה,4649
אזור תעשיה עט,716,היוצק,4678
אזור תעשיה עט,716,היצירה,4677
אזור תעשיה עט,716,הכורכים,4396
אזור תעשיה עט,716,המדפיסים,4395
אזור תעשיה עט,716,המובילים,5320
אזור תעשיה עט,716,המעש,4654
אזור תעשיה עט,716,הנחושת,4680
אזור תעשיה עט,716,העופרת,4681
אזור תעשיה עט,716,התמרוקים,4679
אזור תעשיה עט,716,יציב,4650
אזור תעשיה עט,716,יתרון,4655
אזור תעשיה עט,716,מפעלות,4653
אזור תעשיה עט,716,נמל התעופה, 
אזור תעשיה עט,716,עוצמה,4676
אזור תעשיה עט,716,עטרות,4534
אזור תעשיה עט,716,פרי עמל,4659
אזור תעשיה עט,716,תוצרת,4656
אמריקן קולונ,744,אבו בכר א סדיק,4424
אמריקן קולונ,744,אבו עובידה אבן אל,4195
אמריקן קולונ,744,אבן ג'ובייר,4199
אמריקן קולונ,744,אבן ח'לדון,4165
אמריקן קולונ,744,אח'וואן א ספא,4273
אמריקן קולונ,744,אל יעקובי,4200
אמריקן קולונ,744,בהא א דין,4198
אמריקן קולונ,744,דרך שכם,4162
אמריקן קולונ,744,ח'אלד אבן אל וליד,4272
אמריקן קולונ,744,חאתם א טאווי,4293
אמריקן קולונ,744,לואי ונסן,4611
אמריקן קולונ,744,מוחמד א סלאח,4197
אמריקן קולונ,744,סלאח א דין,4100
אמריקן קולונ,744,עות'מאן בן עפאן,4423
אמריקן קולונ,744,עלי אבן אבו טאלב,4196
אמריקן קולונ,744,קונדר,217
ארזי הבירה,46,ארזי הבירה,261
ארזי הבירה,46,ויליאם אולברייט,3036
ארזי הבירה,46,יואל,123
ארזי הבירה,46,יקים,213
ארזי הבירה,46,סוקניק,3040
ארזי הבירה,46,פיתוחי חותם,237
ארזי הבירה,46,פתחיה,214
ארזי הבירה,46,שדרות חיים ברלב,4113
ארזי הבירה,46,שמואל הנביא,116
ארזי הבירה,46,שמעון הצדיק,235
ארזי הבירה,46,תדהר,4350
ארנונה,48,אברהם שלום יהודה,1791
ארנונה,48,אפרים ושיץ,1741
ארנונה,48,אשר וינר,1744
ארנונה,48,בית הערבה,1750
ארנונה,48,דרך חברון,1714
ארנונה,48,האומן,1839
ארנונה,48,זגפריד מוזס,1443
ארנונה,48,יוסף לוריא,1742
ארנונה,48,כפר עציון,1746
ארנונה,48,לייב יפה,1740
ארנונה,48,משואות יצחק,1745
ארנונה,48,קורא הדורות,1738
ארנונה,48,רבדים,1743
ארנונה,48,רבנו פוליטי,1856
ארנונה,48,שדרות עין צורים,659
באב א זהרה,52,א זהרא',4615
באב א זהרה,52,אבן בטוטה,4419
באב א זהרה,52,אבן ח'לדון,4165
באב א זהרה,52,אבן סינא,4166
באב א זהרה,52,אח'וואן א ספא,4273
באב א זהרה,52,אל אח'טל,4410
באב א זהרה,52,אל אספהאני,4167
באב א זהרה,52,אל חרירי,4274
באב א זהרה,52,אל יעקובי,4200
באב א זהרה,52,אל מוקדסי,4271
באב א זהרה,52,אל מסעודי,4613
באב א זהרה,52,דרך א טור שמואל ב,4281
באב א זהרה,52,דרך יריחו,4146
באב א זהרה,52,הארון א רשיד,4320
באב א זהרה,52,ואדי אל ג'וז,4129
באב א זהרה,52,ח'אלד אבן אל וליד,4272
באב א זהרה,52,חאתם א טאווי,4293
באב א זהרה,52,נור א דין,4268
באב א זהרה,52,סולטאן סולימאן,4275
באב א זהרה,52,סלאח א דין,4100
בית הכרם,56,א.י. שחראי,1096
בית הכרם,56,א.מ. ברכיהו,1027
בית הכרם,56,אביזוהר,1093
בית הכרם,56,אהרונוב,1180
בית הכרם,56,אמיר,1033
בית הכרם,56,בית הכרם,1036
בית הכרם,56,בן ציון דינור,1069
בית הכרם,56,דגניה,1063
בית הכרם,56,דה רוסי,1203
בית הכרם,56,דוד מרדכי מאיר,1904
בית הכרם,56,דוד פלומבו,1199
בית הכרם,56,דרך יוסף וייץ,893
בית הכרם,56,דרך מרדכי איש שלו,1040
בית הכרם,56,האלוף יוחאי בן נו,1168
בית הכרם,56,הארזים,1048
בית הכרם,56,הבנאי,1028
בית הכרם,56,הברושים,1906
בית הכרם,56,הגיא,1032
בית הכרם,56,החוצב,1030
בית הכרם,56,החלוץ,1017
בית הכרם,56,המורה,1044
בית הכרם,56,המייסדים,1025
בית הכרם,56,הסוללים,1031
בית הכרם,56,הסופר,1043
בית הכרם,56,הסתת,1029
בית הכרם,56,התומר,1089
בית הכרם,56,זאב וילנאי,1015
בית הכרם,56,זוטא,1042
בית הכרם,56,ח.ד. שחר,1039
בית הכרם,56,חזון ציון,1066
בית הכרם,56,חיים נחמן ביאליק,1035
בית הכרם,56,יהושוע פרבשטיין,1023
בית הכרם,56,יוסף צבי רימון,1131
בית הכרם,56,יעקב ארנון,1188
בית הכרם,56,יעקב סימן טוב,1202
בית הכרם,56,יעקב סלמן,1187
בית הכרם,56,יעקב שריבוים,1184
בית הכרם,56,יפה נוף,1051
בית הכרם,56,יציאה למחלף גבעת, 
בית הכרם,56,יציאה לרחוב שמוא, 
בית הכרם,56,יציאה לשדרות מנח, 
בית הכרם,56,כרמון,1038
בית הכרם,56,כתריאל טחורש,1200
בית הכרם,56,מגדים,1049
בית הכרם,56,מסוף פי גלילות, 
בית הכרם,56,מעגל בית המדרש,1041
בית הכרם,56,מעלה קדיש סילמן,1037
בית הכרם,56,מעלות המחנך,1074
בית הכרם,56,מעלות חנינא מזרח, 
בית הכרם,56,מרה,1185
בית הכרם,56,משה אהרון טוב,1073
בית הכרם,56,משה חובב,1198
בית הכרם,56,משה קול,1085
בית הכרם,56,משכן שילה,1076
בית הכרם,56,נוף הרים,1099
בית הכרם,56,ניסן הרפז,1186
בית הכרם,56,נתן שלם,1075
בית הכרם,56,סמדר,1052
בית הכרם,56,עמירם סיוון, 
בית הכרם,56,פרחי חן,1050
בית הכרם,56,קבק,1045
בית הכרם,56,רבי בנימין,1018
בית הכרם,56,רחל המשוררת,1047
בית הכרם,56,שדרות אריאל תמס,6642
בית הכרם,56,שדרות הרצל,1021
בית הכרם,56,שדרות וולפסון,1128
בית הכרם,56,שדרות מנחם בגין,1105
בית הכרם,56,שילר,1026
בית הכרם,56,שלמה צמח,1078
בית הכרם,56,שלמה תוסיה כהן,1201
בית הכרם,56,שמואל בייט,1121
בית הכרם,56,שמואל שליין,1034
בית הכרם,56,שמחה גפני,1344
בית הכרם,56,שמחה דיניץ,1209
בית הכרם,56,תלמה,1204
בית הכרם,56,תרצה,1053
בית וגן,60,א.י. שחראי,1096
בית וגן,60,אביזוהר,1093
בית וגן,60,אברהם אגמון,1173
בית וגן,60,אליהו פרנקל,1197
בית וגן,60,אליעזרי,1171
בית וגן,60,בית וגן,1058
בית וגן,60,ברוך דובדבני,1195
בית וגן,60,גדעון האוזנר,1170
בית וגן,60,גוגה רג'ואן,1439
בית וגן,60,דברי ירוחם,1100
בית וגן,60,דוד פ. מרץ,1436
בית וגן,60,דר' חיים ווייסבור,1082
בית וגן,60,הועד הלאומי,1430
בית וגן,60,החיד''א,1055
בית וגן,60,המלבי''ם,1061
בית וגן,60,הפסגה,1056
בית וגן,60,הרב אברהם ח. שאג,1080
בית וגן,60,הרב אליהו לופס,1088
בית וגן,60,הרב אליעזר ברגמן,1091
בית וגן,60,הרב אלפיה,1124
בית וגן,60,הרב יצחק אבוהב,2201
בית וגן,60,הרב יצחק בן נחום,1537
בית וגן,60,הרב משולם ראט,1097
בית וגן,60,הרב עוזיאל,1059
בית וגן,60,הרב פרנק,1064
בית וגן,60,הרשד''ם,1081
בית וגן,60,זאב חקלאי,1903
בית וגן,60,חיים מיכל מיכלין,1098
בית וגן,60,יוסף חכמי,1196
בית וגן,60,יעקב רוזנהיים,240
בית וגן,60,יפה נוף,1051
בית וגן,60,יצחק ברויאר,1057
בית וגן,60,יציאה למחלף גבעת, 
בית וגן,60,יציאה לרחוב מנחם, 
בית וגן,60,יציאה לרחוב שמוא, 
בית וגן,60,ליאו ויסמן,1071
בית וגן,60,מבוא אברהם אבא או,1067
בית וגן,60,מבוא שלמה פרנקל,1104
בית וגן,60,מינצברג,1123
בית וגן,60,מעלה באר מים חיים,1054
בית וגן,60,מעלות יהודה שטיי, 
בית וגן,60,מרום ציון,1095
בית וגן,60,מרכז רפואי שערי צ, 
בית וגן,60,משה זילברג,1383
בית וגן,60,מתנדבים,2057
בית וגן,60,נזר דוד,1126
בית וגן,60,סלמן מוצפי,1191
בית וגן,60,עין כרם,1401
בית וגן,60,צבי לצדיק,1140
בית וגן,60,קאסוטו,1118
בית וגן,60,קדיש לוז,1369
בית וגן,60,קרית היובל,6698
בית וגן,60,שדרות הרצל,1021
בית וגן,60,שדרות מנחם בגין,1105
בית וגן,60,שמואל בייט,1121
בית וגן,60,שערי תורה,1901
בית וגן,60,תורה ועבודה,1083
בית וגן,60,תורת חיים,1531
בית וגן,60,תיכון קרית הנוער, 
בית חנינא,64,50, 
בית חנינא,64,60,4416
בית חנינא,64,א נח'יל,5660
בית חנינא,64,אבו מאדי,4692
בית חנינא,64,אבו תמאם,4662
בית חנינא,64,אג'יאל, 
בית חנינא,64,אום כולתום,4748
בית חנינא,64,אימאם אל בוח'ארי,4668
בית חנינא,64,אימאם שאפעי,4606
בית חנינא,64,איסחאק אל מווסיל,4646
בית חנינא,64,אל אאטא, 
בית חנינא,64,אל אחיאא, 
בית חנינא,64,אל אחילאס, 
בית חנינא,64,אל אחתראם, 
בית חנינא,64,אל איאם, 
בית חנינא,64,אל אימאם מוסלים,4686
בית חנינא,64,אל אסלאח, 
בית חנינא,64,אל ארדשיר,4631
בית חנינא,64,אל בארודי, 
בית חנינא,64,אל בוחתורי,4661
בית חנינא,64,אל בלח, 
בית חנינא,64,אל בניאס,4670
בית חנינא,64,אל ג'וזה,4693
בית חנינא,64,אל גדוד, 
בית חנינא,64,אל דמיר, 
בית חנינא,64,אל הודא, 
בית חנינא,64,אל הילאל,4738
בית חנינא,64,אל ורד,4763
בית חנינא,64,אל זהור, 
בית חנינא,64,אל חאלסה,4671
בית חנינא,64,אל חכמה, 
בית חנינא,64,אל מאמון,4627
בית חנינא,64,אל מדארס, 
בית חנינא,64,אל מודה, 
בית חנינא,64,אל מונזר, 
בית חנינא,64,אל מועתסם,4644
בית חנינא,64,אל מרכז, 
בית חנינא,64,אל נג'אמה, 
בית חנינא,64,אל סמאח, 
בית חנינא,64,אל ספדי אחמד,4687
בית חנינא,64,אל ע'רבי,4742
בית חנינא,64,אל עבאס,4642
בית חנינא,64,אל קינדי,4641
בית חנינא,64,אל קמר, 
בית חנינא,64,אל קסר, 
בית חנינא,64,אל שוקר, 
בית חנינא,64,אלבירוני,4858
בית חנינא,64,אלהג'רה,4864
בית חנינא,64,אלוף יקותיאל אדם,4786
בית חנינא,64,אלזיתונה,4866
בית חנינא,64,אלח'יר, 
בית חנינא,64,אלחדיביה, 
בית חנינא,64,אלמרוחה,4875
בית חנינא,64,אלנור,4877
בית חנינא,64,אלסבר,4878
בית חנינא,64,אלסדאקה,4879
בית חנינא,64,אלסנאבל,4880
בית חנינא,64,אלסעאדה,4881
בית חנינא,64,אלעקבה, 
בית חנינא,64,אלרדואן,4886
בית חנינא,64,אלתין,4890
בית חנינא,64,אסכנדר אל ח'ורי,4691
בית חנינא,64,בדר,4740
בית חנינא,64,ביסאן,4673
בית חנינא,64,ג'ובראן ח'ליל ג'וב, 
בית חנינא,64,ג'סר א נוצף,4690
בית חנינא,64,ג'עפר א סאדק,4696
בית חנינא,64,דוד אלעזר,4648
בית חנינא,64,דרך ביר נאבלא, 
בית חנינא,64,דרך ביר נבאלה,4744
בית חנינא,64,דרך בית חנינא,4106
בית חנינא,64,דרך האלוף עוזי נר,4762
בית חנינא,64,דרך חיזמא,4135
בית חנינא,64,דרך רמאללה,4128
בית חנינא,64,ואדי אום אל עמיד,5653
בית חנינא,64,ח'ליל א סכאכיני,4647
בית חנינא,64,ח'לת משעל, 
בית חנינא,64,ח'לת סינאד, 
בית חנינא,64,טהא חוסיין,4630
בית חנינא,64,יציאה לכביש 50, 
בית חנינא,64,יציאה לכביש 60, 
בית חנינא,64,יציאה לרחוב עבד א, 
בית חנינא,64,מאי זיאדה,4688
בית חנינא,64,מוחמד אל פאתח,4906
בית חנינא,64,מוסא פלד, 
בית חנינא,64,מקסימוס צאייג, 
בית חנינא,64,מרג' אבן עאמר,4672
בית חנינא,64,נוסייבה, 
בית חנינא,64,נור אל הודא, 
בית חנינא,64,סולטאן קוטז, 
בית חנינא,64,עבד א רחמן דג'אני,4645
בית חנינא,64,עבד אל חמיד שומאן,4628
בית חנינא,64,עומר אל ח'יאם,4629
בית חנינא,64,עוקבה בן נאפע,5659
בית חנינא,64,פיידי אל עלמי,4669
בית חנינא,64,קאעב בן זוהיר,4643
בית חנינא,64,ראס אל טוויל,5662
בית חנינא,64,רמדאן,4914
בית חנינא,64,שג'רת אל דור, 
בית חנינא,64,שעאבאן, 
בית ישראל,72,אבינועם ילין,374
בית ישראל,72,אפרים אורבך,146
בית ישראל,72,בית ישראל,118
בית ישראל,72,בצלאל אשכנזי,119
בית ישראל,72,ברוך רפפורט,160
בית ישראל,72,גמול,216
בית ישראל,72,דוד בן עמרם,1824
בית ישראל,72,דוד פרידמן,153
בית ישראל,72,האדמו''ר רבי שלמה,201
בית ישראל,72,הבעש''ט,155
בית ישראל,72,הנגר,2506
בית ישראל,72,הרב אשלג,147
בית ישראל,72,הרב זוננפלד,143
בית ישראל,72,הרב חיים שאול עבו,247
בית ישראל,72,הרב נאה,114
בית ישראל,72,הרב עדני,141
בית ישראל,72,זכריה הרופא,132
בית ישראל,72,חבקוק,375
בית ישראל,72,חבשוש,134
בית ישראל,72,חיבר,137
בית ישראל,72,חיים עוזר,149
בית ישראל,72,חכמי לובלין,154
בית ישראל,72,חסידי קרלין,218
בית ישראל,72,יהושע רייכמן,152
בית ישראל,72,יואל,123
בית ישראל,72,יוחנן יוסף מזרחי,159
בית ישראל,72,יוסף קארו,117
בית ישראל,72,יחיא צהרי,139
בית ישראל,72,יחיא קאפח,135
בית ישראל,72,יצחק בלזר,145
בית ישראל,72,כפר השילוח,221
בית ישראל,72,לייב דיין,142
בית ישראל,72,לפידות,150
בית ישראל,72,מרדכי אדלמן,191
בית ישראל,72,משה דב לנדנר,190
בית ישראל,72,סמטת האמונה,520
בית ישראל,72,עזרא,126
בית ישראל,72,עמלים,144
בית ישראל,72,ראם,227
בית ישראל,72,רצאבי,133
בית ישראל,72,שבטי ישראל,501
בית ישראל,72,שומרי אמונים,209
בית ישראל,72,שמואל הנביא,116
בית ישראל,72,שמעון רוקח,156
בית ישראל,72,שמשון פולנסקי,120
בית ישראל,72,שערי פינה,151
בית ישראל,72,שערי שמים,161
בית ישראל,72,תרמ''ב,140
בית צפפאשרפת,76,א דוור אל אוול,4391
בית צפפאשרפת,76,א זיתון,4389
בית צפפאשרפת,76,א נהדה,4382
בית צפפאשרפת,76,א נתר,4380
בית צפפאשרפת,76,א סאפא,4358
בית צפפאשרפת,76,א רחמה,4366
בית צפפאשרפת,76,א שיפא,4384
בית צפפאשרפת,76,איחוד הכפר,4285
בית צפפאשרפת,76,אל בוטמה,4381
בית צפפאשרפת,76,אל מדרסה אל ג'דיד,4386
בית צפפאשרפת,76,אל קאש,4377
בית צפפאשרפת,76,אל קד'איל,4398
בית צפפאשרפת,76,אל קלעה,4383
בית צפפאשרפת,76,ברל לוקר,1347
בית צפפאשרפת,76,ג'בל אל ג'דיד,4387
בית צפפאשרפת,76,דב יוסף,1435
בית צפפאשרפת,76,דרך דוד בנבנישתי,1362
בית צפפאשרפת,76,דרך חברון,1714
בית צפפאשרפת,76,דרך משה ברעם,1864
בית צפפאשרפת,76,האומן,1839
בית צפפאשרפת,76,הסיגלית,4850
בית צפפאשרפת,76,הרוזמרין,4550
בית צפפאשרפת,76,יעקב פת,1308
בית צפפאשרפת,76,מעמל א תלג',4105
בית צפפאשרפת,76,ראס א טלעה,4390
בית צפפאשרפת,76,שבתאי הנגבי,4182
בית צפפאשרפת,76,שייח' מחמוד,4295
בקעה,94,אבטליון,1762
בקעה,94,אהוד,1764
בקעה,94,אסתר המלכה,1790
בקעה,94,אפרים,1772
בקעה,94,אשר,1789
בקעה,94,בועז,1779
בקעה,94,בן יפונה,1784
בקעה,94,בן עזאי,1812
בקעה,94,ברק,1770
בקעה,94,גד,1785
בקעה,94,גדליה,1759
בקעה,94,גדעון,1774
בקעה,94,גנרל פייר קניג,1787
בקעה,94,דוד רמז,1868
בקעה,94,דן,1783
בקעה,94,דניאל ינובסקי,5405
בקעה,94,דרך בית לחם,1753
בקעה,94,דרך הרכבת,1767
בקעה,94,דרך חברון,1714
בקעה,94,המפקד,1832
בקעה,94,זבולון,1782
בקעה,94,זרובבל,1778
בקעה,94,חלץ,1827
בקעה,94,חנוך אלבק,1731
בקעה,94,יאיר,1771
בקעה,94,יד חרוצים,1842
בקעה,94,יהודה,1757
בקעה,94,יוכבד,1806
בקעה,94,יחזקאל מרטון,1848
בקעה,94,יעל,1765
בקעה,94,יעקב בן דב,1432
בקעה,94,יפתח,1768
בקעה,94,יששכר,1781
בקעה,94,לוי,1780
בקעה,94,מנשה,1776
בקעה,94,מקור חיים,1794
בקעה,94,מרדכי היהודי,1756
בקעה,94,מרים החשמונאית,1760
בקעה,94,מתתיהו,1769
בקעה,94,נחום ליפשיץ,1853
בקעה,94,נעמי,1726
בקעה,94,נפתלי,1775
בקעה,94,עמק רפאים,1636
בקעה,94,עתניאל,1766
בקעה,94,פרץ,1829
בקעה,94,צדקיהו,1681
בקעה,94,ציפורה,1823
בקעה,94,קיבוץ גלויות,1809
בקעה,94,ראובן,1777
בקעה,94,רבקה,1786
בקעה,94,ש.א. נכון,1849
בקעה,94,שמעון,1773
בקעה,94,שמעיה,1761
בקעה,94,שמשון,1763
ג'בל מוקאבר,96,חיים ראובן קוברס, 
ג'בל מוקאבר,96,טיילת ריצ'רד ורוד, 
ג'בל מוקאבר,96,מעלות עיר דוד,4375
ג'בל מוקאבר,96,על''ר,4374
גאולה,92,אבינועם ילין,374
גאולה,92,אלשיך,368
גאולה,92,אפרים כהן,358
גאולה,92,אשתורי הפרחי,366
גאולה,92,האמרכלים,360
גאולה,92,הושע,302
גאולה,92,המביט,369
גאולה,92,הרב אברמסקי,370
גאולה,92,הרב שמחה זיסל ברו,308
גאולה,92,זכריה הרופא,132
גאולה,92,חבקוק,375
גאולה,92,חגי,307
גאולה,92,יואל,123
גאולה,92,יוחנן הסנדלר,363
גאולה,92,יחזקאל,101
גאולה,92,יעקב מאיר,354
גאולה,92,יצחק שולאל,355
גאולה,92,ישעיהו,349
גאולה,92,לבוש מרדכי,373
גאולה,92,מאה שערים,162
גאולה,92,מלכי ישראל,305
גאולה,92,נתן שטראוס,350
גאולה,92,עזר יולדות,371
גאולה,92,פאת השולחן,372
גאולה,92,פרי חדש,343
גאולה,92,ראשית חכמה,367
גאולה,92,רבנו תם,353
גאולה,92,שערי פינה,151
גבעת אליהו - מ,104,דרך חברון,1714
גבעת אליהו - מ,104,הרוזמרין,4550
גבעת אליהו - מ,104,שדרות שמואל מאיר,1886
גבעת הורדים -,106,אלוף שמחוני,1425
גבעת הורדים -,106,דב קמחי,1365
גבעת הורדים -,106,דוד פרישמן,1408
גבעת הורדים -,106,דוד שמעוני,1407
גבעת הורדים -,106,הורקניה,1334
גבעת הורדים -,106,החי''ש,1613
גבעת הורדים -,106,הטייסים,1410
גבעת הורדים -,106,המעפילים,1421
גבעת הורדים -,106,המשוריינים,1614
גבעת הורדים -,106,הפורצים,1608
גבעת הורדים -,106,הפלמ''ח,1630
גבעת הורדים -,106,הרב ברודי,835
גבעת הורדים -,106,הרב הרצוג,1422
גבעת הורדים -,106,הרב חיים ברלין,823
גבעת הורדים -,106,הרב חן,836
גבעת הורדים -,106,התקופה,1415
גבעת הורדים -,106,זלמן שניאור,1127
גבעת הורדים -,106,חביבה רייק,838
גבעת הורדים -,106,חזקיהו המלך,1601
גבעת הורדים -,106,חיים יחיל,1395
גבעת הורדים -,106,טשרניחובסקי,1405
גבעת הורדים -,106,יעקב פיכמן,1416
גבעת הורדים -,106,יצחק קצנלסון,1406
גבעת הורדים -,106,ישראל אהרוני,1428
גבעת הורדים -,106,כובשי קטמון,1620
גבעת הורדים -,106,מבוא בנין,1450
גבעת הורדים -,106,מבוא העולה,1397
גבעת הורדים -,106,מבוא מידב,1417
גבעת הורדים -,106,מבצע קדש,1610
גבעת הורדים -,106,מעלה זאב,1355
גבעת הורדים -,106,מעלות יצחק א.עבאד,1424
גבעת הורדים -,106,מעלות סלמה לגרלף,1431
גבעת הורדים -,106,מרדכי טמקין,1427
גבעת הורדים -,106,ניל''י,1670
גבעת הורדים -,106,ניקנור,1338
גבעת הורדים -,106,נתיב זהרה,1413
גבעת הורדים -,106,שדרות חיים הזז,998
גבעת הורדים -,106,שדרות ש''י עגנון,1389
גבעת הורדים -,106,שח''ל,1402
גבעת המבתר,112,דרך שועפאת,4101
גבעת המבתר,112,יגאל ידין,4773
גבעת המבתר,112,יציאה לכביש 60, 
גבעת המבתר,112,מדבר סיני,4282
גבעת המבתר,112,מנהרת לוי אשכול, 
גבעת המבתר,112,מפרץ שלמה,4289
גבעת המבתר,112,מצרי טירן,4284
גבעת המבתר,112,פארן,4306
גבעת המבתר,112,שדרות חיים ברלב,4113
גבעת המבתר,112,שדרות לוי אשכול,4276
גבעת המבתר,112,ששת הימים,4283
גבעת המטוס,114,דרך חברון,1714
גבעת המטוס,114,דרך משה ברעם,1864
גבעת המטוס,114,ישיבת איתרי, 
גבעת המטוס,114,שדרות שמואל מאיר,1886
גבעת חנניה - א,122,אבו תור,6760
גבעת חנניה - א,122,אביגיל,1725
גבעת חנניה - א,122,בת שבע,1730
גבעת חנניה - א,122,גיא בן הינום, 
גבעת חנניה - א,122,גיחון,1722
גבעת חנניה - א,122,דרך גדוד 68, 
גבעת חנניה - א,122,דרך חברון,1714
גבעת חנניה - א,122,המלאך בלבן,1718
גבעת חנניה - א,122,המפקד,1832
גבעת חנניה - א,122,טיילת גבריאל שרו,1865
גבעת חנניה - א,122,ישי,1719
גבעת חנניה - א,122,מעלות עיר דוד,4375
גבעת חנניה - א,122,נחשון,1723
גבעת חנניה - א,122,נעמי,1726
גבעת חנניה - א,122,עובד,1724
גבעת חנניה - א,122,עין רוגל,1717
גבעת חנניה - א,122,עמינדב,1720
גבעת חנניה - א,122,עשהאל,1732
גבעת חנניה - א,122,צרויה,1851
גבעת מרדכי,124,אביעד,1403
גבעת מרדכי,124,בצלאל בזק,1132
גבעת מרדכי,124,גולומב,1307
גבעת מרדכי,124,דוד צבי פנקס,1426
גבעת מרדכי,124,הועד הלאומי,1430
גבעת מרדכי,124,הרב גולד,1404
גבעת מרדכי,124,הרב הרצוג,1422
גבעת מרדכי,124,הרב חיים הלר,1423
גבעת מרדכי,124,הרב יחזקאל סרנא,1433
גבעת מרדכי,124,זלמן שניאור,1127
גבעת מרדכי,124,חוזה סן מרטין,1349
גבעת מרדכי,124,יעקב פת,1308
גבעת מרדכי,124,יצחק דוד מן,2003
גבעת מרדכי,124,יציאה למחלף גבעת, 
גבעת מרדכי,124,יציאה לרחוב מנחם, 
גבעת מרדכי,124,מעלה שלמה בן פתחי, 
גבעת מרדכי,124,משאת משה,1434
גבעת מרדכי,124,שדרות מנחם בגין,1105
גבעת מרדכי,124,שח''ל,1402
גבעת מרדכי,124,שמואל בייט,1121
גבעת משואה,128,אברהם חסידוף,1259
גבעת משואה,128,אל סלוודור,1292
גבעת משואה,128,אריה דולצ'ין,1291
גבעת משואה,128,בנג'מין נונייז,2021
גבעת משואה,128,גרטרוד קראוס,2005
גבעת משואה,128,דרך אהרן שולוב,1460
גבעת משואה,128,דרך חיים ע. קוליץ,1252
גבעת משואה,128,האחות זלמה,1294
גבעת משואה,128,יהושע ביצור,1254
גבעת משואה,128,יוסף אבידר,2020
גבעת משואה,128,יורם רונן,1343
גבעת משואה,128,יעקב צור,1289
גבעת משואה,128,יצחק שלו,2015
גבעת משואה,128,לאה פורת,2014
גבעת משואה,128,מיס לנדאו,1275
גבעת משואה,128,מנשה נחמיה,2016
גבעת משואה,128,שמואל נתן,2009
גבעת רם,136,אליעזר קפלן,1108
גבעת רם,136,בצלאל בזק,1132
גבעת רם,136,דרך אלישר,1167
גבעת רם,136,דרך בלפור, 
גבעת רם,136,דרך ברודצקי,1144
גבעת רם,136,דרך סימון,1135
גבעת רם,136,דרך רופין,1101
גבעת רם,136,חניון מס' 16, 
גבעת רם,136,חניון מס' 17, 
גבעת רם,136,חניון מס' 20, 
גבעת רם,136,חניון מס' 21, 
גבעת רם,136,חניון מס' 22, 
גבעת רם,136,חניון מס' 23, 
גבעת רם,136,חניון מס' 24, 
גבעת רם,136,חניון מס' 25, 
גבעת רם,136,חניון מס' 26, 
גבעת רם,136,חניון מס' 29, 
גבעת רם,136,חניון מס' 32, 
גבעת רם,136,יהודה בורלא,1116
גבעת רם,136,יציאה למחלף גבעת, 
גבעת רם,136,יציאה למחלף קרית, 
גבעת רם,136,יציאה לרחוב מנחם, 
גבעת רם,136,יציאה לשדרות יצח, 
גבעת רם,136,יציאה לשדרות מנח, 
גבעת רם,136,נווה שאנן,1166
גבעת רם,136,נתנאל לורך,968
גבעת רם,136,פרופסור רקח,1129
גבעת רם,136,קרית אוניברסיטת, 
גבעת רם,136,שדרות המוזיאונים,1134
גבעת רם,136,שדרות וולפסון,1128
גבעת רם,136,שדרות מגנס,1145
גבעת רם,136,שדרות מנחם בגין,1105
גבעת רם,136,שח''ל,1402
גבעת רם,136,שמואל בייט,1121
גבעת רם,136,שמואל סטפן וויז,1109
גבעת שאול,140,אונקלוס,903
גבעת שאול,140,בן ציון,1086
גבעת שאול,140,בעל השאילתות,996
גבעת שאול,140,גבעת שאול,1143
גבעת שאול,140,גרייבסקי,948
גבעת שאול,140,דוד הראובני,932
גבעת שאול,140,האי גאון,990
גבעת שאול,140,העילוי,1090
גבעת שאול,140,הרב אהרון קוטלר,966
גבעת שאול,140,הרב בן ציון קואינ,934
גבעת שאול,140,הרב ניסים ד. עזרא,909
גבעת שאול,140,הרב פנחס קהתי,943
גבעת שאול,140,הרב ריינס,1300
גבעת שאול,140,הרב שרירא גאון,988
גבעת שאול,140,חיים ויטל,906
גבעת שאול,140,יהושוע פרבשטיין,1023
גבעת שאול,140,יונתן בן עוזיאל,905
גבעת שאול,140,ימין אבות,935
גבעת שאול,140,כנפי נשרים,995
גבעת שאול,140,כתב סופר,991
גבעת שאול,140,משה קורדובירו,933
גבעת שאול,140,נחום חפצדי,947
גבעת שאול,140,נטרונאי גאון,989
גבעת שאול,140,סמטת ברנוביץ, 
גבעת שאול,140,עזריאל,1138
גבעת שאול,140,עמרם גאון,904
גבעת שאול,140,עקיבא אזולאי,929
גבעת שאול,140,פועה,972
גבעת שאול,140,רבי ישראל נג'ארה,930
גבעת שאול,140,שדרות בן גוריון,941
גבעת שאול,140,שדרות המאירי,1020
גבעת שאול,140,שלמה אלקבץ,931
גבעת שאול,140,שערי ירושלים,899
גבעת שאול,140,תוספות יום טוב,196
גילה,188,60,4416
גילה,188,א סאפא,4358
גילה,188,אברהם יערי,4537
גילה,188,אגמון,4559
גילה,188,אודם,4577
גילה,188,אחלמה,4560
גילה,188,איילה,4569
גילה,188,אלמוג,4576
גילה,188,אפרסמון,4178
גילה,188,אריה בן אליעזר,4554
גילה,188,בושם,4562
גילה,188,ברקת,4567
גילה,188,גבעת קנדה,6852
גילה,188,דב יוסף,1435
גילה,188,דגן,4578
גילה,188,דרך חברון,1714
גילה,188,האזוב,4547
גילה,188,האחות יהודית,4535
גילה,188,האנפה,4542
גילה,188,הגומא,4541
גילה,188,הגלעינית,4852
גילה,188,הגננת,4539
גילה,188,הגפן,4573
גילה,188,הדבש,4571
גילה,188,הדולב,4563
גילה,188,הדמומית,5448
גילה,188,הזהבית,4854
גילה,188,החבוש,4532
גילה,188,החסידה,4556
גילה,188,הכרפס,5201
גילה,188,המור,4179
גילה,188,המחנכת,5460
גילה,188,המרגלית,4544
גילה,188,הנופך,4564
גילה,188,הסיגלית,4850
גילה,188,הסנונית,4549
גילה,188,הסתוונית,4851
גילה,188,הצבעוני,4853
גילה,188,הצבר,4572
גילה,188,הצוף,4193
גילה,188,הציפורן,5452
גילה,188,הקורא,4548
גילה,188,הרב דוד אלטשולר,1814
גילה,188,הרדוף,5453
גילה,188,הרוזמרין,4550
גילה,188,השיש,4540
גילה,188,השליו,4546
גילה,188,התאנה,4545
גילה,188,התבלין,5463
גילה,188,ורדינון,4180
גילה,188,יהודה אונטרמן,4451
גילה,188,יהושע ברוכי,5461
גילה,188,יהלום,4566
גילה,188,יעקב ברמן,4574
גילה,188,יפה רום,4543
גילה,188,יצהר,4579
גילה,188,יקינטון,5449
גילה,188,כמון,5450
גילה,188,לבונה,4181
גילה,188,ליש,4570
גילה,188,לשם,4599
גילה,188,מבוא בשמת,4190
גילה,188,מבוא הדודאים,4186
גילה,188,מבוא הלוט,4552
גילה,188,מבוא הצרי,4184
גילה,188,מבוא הקינמון,4183
גילה,188,מבוא הקנה,4551
גילה,188,מבוא יסמין,4189
גילה,188,מבוא נטף,4188
גילה,188,מבוא קטורה,4187
גילה,188,מבוא קידה,4192
גילה,188,מבוא קציעה,4185
גילה,188,מבוא שרף,4191
גילה,188,מרווה,5454
גילה,188,משה יוסטמן,4553
גילה,188,נשר,4557
גילה,188,עירית,5451
גילה,188,פרופ' יעקב פולוצק,4538
גילה,188,צאלים,4561
גילה,188,צביה ויצחק,4565
גילה,188,רפאל דה לה פרגולה,5462
גילה,188,שבו,4568
גילה,188,שבתאי הנגבי,4182
גילה,188,שוהם,5101
גילה,188,שלמה דוגה,5022
גילה,188,שמיר,4580
גילה,188,תירוש,4558
גילה,188,תרשיש,4555
הבוכרים,54,אבינדב,202
הבוכרים,54,אביתר הכהן,233
הבוכרים,54,אברהם תלמודי,128
הבוכרים,54,אדוניהו הכהן,124
הבוכרים,54,בן ציון גול,129
הבוכרים,54,בצלאל אשכנזי,119
הבוכרים,54,בר אילן,301
הבוכרים,54,דוד חזן,130
הבוכרים,54,דוד פרידמן,153
הבוכרים,54,חיים פרחי,131
הבוכרים,54,יואל,123
הבוכרים,54,יוסף קארו,117
הבוכרים,54,יחזקאל,101
הבוכרים,54,ירחמיאל אמדורסקי,148
הבוכרים,54,ירמיהו,937
הבוכרים,54,ישא ברכה,127
הבוכרים,54,ישראל אהרון פישל,103
הבוכרים,54,מבוא כנסת מרדכי,158
הבוכרים,54,נחמיה,313
הבוכרים,54,עזרא,126
הבוכרים,54,עלי הכהן,314
הבוכרים,54,פיתוחי חותם,237
הבוכרים,54,צפניה,303
הבוכרים,54,רבנו גרשום,121
הבוכרים,54,רחובות הבוכרים,125
הבוכרים,54,שלמה מוסיוף,122
הבוכרים,54,שמואל הנביא,116
הבוכרים,54,שמשון פולנסקי,120
הגבעה הצרפתי,552,אבא ברדיצ'ב,3058
הגבעה הצרפתי,552,אהרון קציר,4360
הגבעה הצרפתי,552,אל אסמאעי,4639
הגבעה הצרפתי,552,אצ''ל,4315
הגבעה הצרפתי,552,בר כוכבא,249
הגבעה הצרפתי,552,ג'ורג' אדם סמית,4651
הגבעה הצרפתי,552,דרך האלוף עוזי נר,4762
הגבעה הצרפתי,552,דרך מעלה אדומים,7001
הגבעה הצרפתי,552,דרך ענתות,4801
הגבעה הצרפתי,552,דרך שועפאת,4101
הגבעה הצרפתי,552,ההגנה,4316
הגבעה הצרפתי,552,ההתנדבויות,3057
הגבעה הצרפתי,552,החי''ל,3060
הגבעה הצרפתי,552,חזון יצחק, 
הגבעה הצרפתי,552,חיים יסקי, 
הגבעה הצרפתי,552,טיילת בר כוכבא, 
הגבעה הצרפתי,552,יגאל ידין,4773
הגבעה הצרפתי,552,יציאה לדרך שועפא, 
הגבעה הצרפתי,552,יציאה לכביש 60, 
הגבעה הצרפתי,552,יציאה למחלף שער מ, 
הגבעה הצרפתי,552,יציאה לרחוב יגאל, 
הגבעה הצרפתי,552,לוחמי הגטאות,4313
הגבעה הצרפתי,552,לח''י,4324
הגבעה הצרפתי,552,מבוא גולי קניה,3052
הגבעה הצרפתי,552,מבוא דב הררי,3059
הגבעה הצרפתי,552,מבוא דקר,3051
הגבעה הצרפתי,552,מבוא המאבק,4312
הגבעה הצרפתי,552,מבוא הנח''ל, 
הגבעה הצרפתי,552,מבוא העשרה,3053
הגבעה הצרפתי,552,מבוא הפרטיזנים,3054
הגבעה הצרפתי,552,מבוא נהגי הפרדות,3056
הגבעה הצרפתי,552,מבוא פלי''ם,4314
הגבעה הצרפתי,552,מנהרת לוי אשכול, 
הגבעה הצרפתי,552,מעונות אידלסון, 
הגבעה הצרפתי,552,משולש ברמודה, 
הגבעה הצרפתי,552,שדרות האוניברסיט,4393
הגבעה הצרפתי,552,שדרות חיים ברלב,4113
הגבעה הצרפתי,552,שדרות לוי אשכול,4276
הגבעה הצרפתי,552,שדרות משה דיין,4753
הגבעה הצרפתי,552,שלום הגליל,1872
הגבעה הצרפתי,552,ששת הימים,4283
הולילנד,748,אברהם פררה,1175
הולילנד,748,ברוך דובדבני,1195
הולילנד,748,גדעון האוזנר,1170
הולילנד,748,גולומב,1307
הולילנד,748,גשר הולילנד, 
הולילנד,748,דרך אגודת ספורט ב,1451
הולילנד,748,יציאה לרחוב גולו, 
הולילנד,748,מיכאל אבי יונה,1137
הולילנד,748,מיכאל בן חנן,1411
הולילנד,748,נזר דוד,1126
הולילנד,748,פרץ ברנשטיין,1359
הולילנד,748,שדרות מנחם בגין,1105
הכפר השבדי,212,הנרייטה סולד,1215
הכפר השבדי,212,כפר שלמא הכפר השו, 
המושבה היוונ,356,אבישי,1642
המושבה היוונ,356,אבנר בן נר,1672
המושבה היוונ,356,אלעזר המודעי,1323
המושבה היוונ,356,אמציה,1633
המושבה היוונ,356,אסא,1635
המושבה היוונ,356,בניהו,1644
המושבה היוונ,356,גנרל פייר קניג,1787
המושבה היוונ,356,חזקיהו המלך,1601
המושבה היוונ,356,יהואש,1643
המושבה היוונ,356,יהושע בן נון,1631
המושבה היוונ,356,יהושפט,157
המושבה היוונ,356,יואב,1645
המושבה היוונ,356,יונתן,1638
המושבה היוונ,356,יותם,1632
המושבה היוונ,356,מישאל,1640
המושבה היוונ,356,עוזיה,1634
המושבה היוונ,356,עזריה,1646
המושבה היוונ,356,עמק רפאים,1636
המושבה היוונ,356,רבן יוחנן בן זכאי,1321
המושבה היוונ,356,רחל אמנו,1621
המושבה היוונ,356,ריש לקיש,1324
הקריות החסיד,732,אוהל יהושע,4903
הקריות החסיד,732,אמרי בינה,986
הקריות החסיד,732,בינת יששכר,4904
הקריות החסיד,732,דברי חיים,993
הקריות החסיד,732,דובר שלום,4902
הקריות החסיד,732,דורש טוב,397
הקריות החסיד,732,הרב סורוצקין,952
הקריות החסיד,732,זית רענן,987
הקריות החסיד,732,יוסף גבאי,967
הקריות החסיד,732,יעקובזון,395
הקריות החסיד,732,יציאה למחלף גולד, 
הקריות החסיד,732,יציאה לשדרות מנח, 
הקריות החסיד,732,מנחם משיב,1046
הקריות החסיד,732,מענה שמחה,958
הקריות החסיד,732,פנים מאירות,965
הקריות החסיד,732,קדושת אהרון,4905
הקריות החסיד,732,קרית מדע,6830
הקריות החסיד,732,שדרות גולדה מאיר,4452
הקריות החסיד,732,שדרות מנחם בגין,1105
הקריות החסיד,732,שלמה מומו הלוי,4702
הקריות החסיד,732,שנירר,999
הקריות החסיד,732,שפע חיים,398
הקריות החסיד,732,תורת חסד,994
הר הזיתים,224,אל מנסוריה,5585
הר הזיתים,224,דרך א טור שמואל ב,4281
הר הזיתים,224,דרך העופל,4339
הר הזיתים,224,דרך השילוח,3800
הר הזיתים,224,דרך יריחו,4146
הר הזיתים,224,דרך שער האריות,5582
הר הזיתים,224,המשעול האחרון,4290
הר הזיתים,224,טיילת העופל, 
הר הזיתים,224,מעלה הכוהנים, 
הר הזיתים,224,סולטאן סולימאן,4275
הר הזיתים,224,רבעה אל עדוויה,5584
הר החוצבים,244,1, 
הר החוצבים,244,א.ש. הרטום,5503
הר החוצבים,244,בן ציון אטון,241
הר החוצבים,244,ד''ר גבי אשכר, 
הר החוצבים,244,המבריא,5535
הר החוצבים,244,המרפא,5501
הר החוצבים,244,הרב יצחק פלקסר,5533
הר החוצבים,244,חניון בק טק, 
הר החוצבים,244,יגאל ידין,4773
הר החוצבים,244,יציאה להר חוצבים, 
הר החוצבים,244,יציאה למחלף יגאל, 
הר החוצבים,244,יציאה לרחוב יגאל, 
הר החוצבים,244,יציאה לשדרות גול, 
הר החוצבים,244,יציאה לשדרות מנח, 
הר החוצבים,244,קרית מדע,6830
הר החוצבים,244,שדרות גולדה מאיר,4452
הר החוצבים,244,שדרות מנחם בגין,1105
הר החוצבים,244,שלמה מומו הלוי,4702
הר החוצבים,244,שפע חיים,398
הר המנוחות,232,1, 
הר המנוחות,232,גבעת שאול,1143
הר המנוחות,232,יחיאל מ.שטיינברג,1136
הר המנוחות,232,יציאה לכביש 1, 
הר המנוחות,232,יציאה לשדרות בן ג, 
הר המנוחות,232,מעלה רומאים, 
הר המנוחות,232,שדרות בן גוריון,941
הר הצופים,236,אביגדור המאירי, 
הר הצופים,236,אהרון קציר,4360
הר הצופים,236,בנימין מזר,3020
הר הצופים,236,דרך א טור שמואל ב,4281
הר הצופים,236,דרך מנהרת הר הצופ, 
הר הצופים,236,הדסה למפל,3556
הר הצופים,236,החי''ל,3060
הר הצופים,236,ואדי אל ג'וז,4129
הר הצופים,236,זהרה,4153
הר הצופים,236,זלמן שוקן,4194
הר הצופים,236,ח'רובה,4710
הר הצופים,236,חיים יסקי, 
הר הצופים,236,יצחק הנדיב,4352
הר הצופים,236,לוחמי הגטאות,4313
הר הצופים,236,מנהרת האוניברסיט, 
הר הצופים,236,מרטין בובר,4359
הר הצופים,236,רבעה אל עדוויה,5584
הר הצופים,236,שדרות האוניברסיט,4393
הר הצופים,236,שדרות צ'רצ'יל,4340
הר הצופים,236,שדרות שיירת הר הצ,4392
הר הצופים,236,שומרי ההר,3554
הר הצופים,236,שייח' ענבר,5583
הר הרצל,240,בית וגן,1058
הר הרצל,240,דוד מרדכי מאיר,1904
הר הרצל,240,הזיכרון,1060
הר הרצל,240,יפה נוף,1051
הר הרצל,240,מגדים,1049
הר הרצל,240,שדרות הרצל,1021
הר נוף,248,אהרון ברנד,1157
הר נוף,248,בי''ח לתשושי נפש כ, 
הר נוף,248,בית הדפוס,895
הר נוף,248,בית יצחק,2202
הר נוף,248,דרך יוסף וייץ,893
הר נוף,248,האדמו''ר מבויאן,1152
הר נוף,248,האדמו''ר מרוז'ין,1158
הר נוף,248,האחווה,1193
הר נוף,248,הפלאה,890
הר נוף,248,הקבלן,1160
הר נוף,248,הרב אברהם דוד רוז, 
הר נוף,248,הרב דוד שפרבר,1164
הר נוף,248,הרב חזקיהו רבין,1161
הר נוף,248,הרב יצחק חי טייב,1070
הר נוף,248,הרב רפאל קצנלבוג,1155
הר נוף,248,הרב ש. שאולזון,983
הר נוף,248,הרב שאול אבן דנן,1156
הר נוף,248,הרב שמעון אגסי,1159
הר נוף,248,זרח ברנט,1154
הר נוף,248,מנחם מנדל משקלוב,1151
הר נוף,248,מעלות האדמו''ר מב,1163
הר נוף,248,סמינר נווה ירושל, 
הר נוף,248,פרנס,1153
הר ציון,252,ארוונה היבוסי,1811
הר ציון,252,גיא בן הינום, 
הר ציון,252,דרך חברון,1714
הר ציון,252,הר ציון,1715
הר ציון,252,חטיבת ירושלים,1833
הר ציון,252,חטיבת עציוני,4094
הר ציון,252,מלכי צדק,4269
הר ציון,252,מעלה השלום,4512
הר ציון,252,מעלה שז''כ, 
הר ציון,252,מעלות בני,1830
הרובע הארמני,260,אור החיים,4527
הרובע הארמני,260,אררט,4090
הרובע הארמני,260,ברקאי,4510
הרובע הארמני,260,דוד,4056
הרובע הארמני,260,היהודים,4528
הרובע הארמני,260,הכינור,4526
הרובע הארמני,260,המלאך,4511
הרובע הארמני,260,הנבל,4522
הרובע הארמני,260,הנוצרים,4321
הרובע הארמני,260,הפטריארכיה הארמנ,5804
הרובע הארמני,260,הקארדו,5576
הרובע הארמני,260,השופר,4523
הרובע הארמני,260,חב''ד,4365
הרובע הארמני,260,חניית דיירי הרוב, 
הרובע הארמני,260,חניית תושבי הרוב, 
הרובע הארמני,260,מוריסטאן,4082
הרובע הארמני,260,מנזר האשורים,4089
הרובע הארמני,260,מנזר המרוניטים,4091
הרובע הארמני,260,סידנא עומר, 
הרובע הארמני,260,סנט ג'יימס,4058
הרובע הארמני,260,סנט מרק,4084
הרובע הארמני,260,עומר בן אל ח'טאב,6020
הרובע הארמני,260,שוק הבשמים,4036
הרובע הארמני,260,שוק הצורפים,4038
הרובע הארמני,260,שוק הקצבים,4037
הרובע הארמני,260,שער השלשלת,4034
הרובע הארמני,260,תפארת ישראל,4901
הרובע היהודי,264,אל ואד הגיא,4004
הרובע היהודי,264,בוני החומה,4504
הרובע היהודי,264,בית אל,4367
הרובע היהודי,264,בית השואבה,4507
הרובע היהודי,264,ברקאי,4510
הרובע היהודי,264,בתי מחסה,4361
הרובע היהודי,264,גלעד,4362
הרובע היהודי,264,הביכורים,4515
הרובע היהודי,264,הגיתית,4519
הרובע היהודי,264,החצוצרות,4518
הרובע היהודי,264,היהודים,4528
הרובע היהודי,264,הכותל,5806
הרובע היהודי,264,הכרי,4057
הרובע היהודי,264,המצלתיים,4524
הרובע היהודי,264,המקובלים,4506
הרובע היהודי,264,המשוררים,4503
הרובע היהודי,264,העוגב,4521
הרובע היהודי,264,העומר,4514
הרובע היהודי,264,הקראים,4265
הרובע היהודי,264,הרב גץ,5808
הרובע היהודי,264,השוערים,4505
הרובע היהודי,264,השמינית,4520
הרובע היהודי,264,התופים,4525
הרובע היהודי,264,התמיד,4508
הרובע היהודי,264,חב''ד,4365
הרובע היהודי,264,חיי עולם,4266
הרובע היהודי,264,מדרגות מעלה א טאב, 
הרובע היהודי,264,מעלות הרב שלמה גו, 
הרובע היהודי,264,מעלות רבי יהודה ה,4501
הרובע היהודי,264,מעמדות ישראל,4530
הרובע היהודי,264,משגב לדך,4364
הרובע היהודי,264,משמרות הכהונה,4529
הרובע היהודי,264,נחמו,4516
הרובע היהודי,264,סידנא עומר, 
הרובע היהודי,264,סמטת לוחמי הרובע,4368
הרובע היהודי,264,פלוגת הכותל,4311
הרובע היהודי,264,שבות,4517
הרובע היהודי,264,שוני הלכות,4513
הרובע היהודי,264,שער השלשלת,4034
הרובע היהודי,264,תפארת ישראל,4901
הרובע המוסלמ,268,אבן ג'ראח,4076
הרובע המוסלמ,268,אל בוסטאמי,4018
הרובע המוסלמ,268,אל ביירק,4045
הרובע המוסלמ,268,אל ואד הגיא,4004
הרובע המוסלמ,268,אל ח'אלידיה,4043
הרובע המוסלמ,268,אל מאלוויה,4020
הרובע המוסלמ,268,אל מועזמיה,5803
הרובע המוסלמ,268,אל עומרי,4013
הרובע המוסלמ,268,אל קירמי,4041
הרובע המוסלמ,268,אנטוניה,5801
הרובע המוסלמ,268,בורג' לקלק,4011
הרובע המוסלמ,268,בית הבד,4035
הרובע המוסלמ,268,בנק הדם, 
הרובע המוסלמ,268,ברקוק,4030
הרובע המוסלמ,268,דרך חב רא'מן,4015
הרובע המוסלמ,268,דרך שער האריות,5582
הרובע המוסלמ,268,החסידות,5574
הרובע המוסלמ,268,הכרי,4057
הרובע המוסלמ,268,המלך פייסל,4028
הרובע המוסלמ,268,הנזירות,4008
הרובע המוסלמ,268,הסהר,5571
הרובע המוסלמ,268,הצריח האדום,4010
הרובע המוסלמ,268,הקמרונים,5572
הרובע המוסלמ,268,הרמכים,4025
הרובע המוסלמ,268,ויה דולורוזה,4002
הרובע המוסלמ,268,חארת א סעידיה,4022
הרובע המוסלמ,268,מעלה התות,4047
הרובע המוסלמ,268,סוק אל קטאנין,4033
הרובע המוסלמ,268,סלחייה,4012
הרובע המוסלמ,268,ע'וואנימה,4029
הרובע המוסלמ,268,עלאא' א דין,4031
הרובע המוסלמ,268,עקבת א סראיה,4040
הרובע המוסלמ,268,עקבת א תאקיה מעלו,4044
הרובע המוסלמ,268,פונדק ההודים,5573
הרובע המוסלמ,268,רימאן, 
הרובע המוסלמ,268,ריסאס,4024
הרובע המוסלמ,268,שדאד,4019
הרובע המוסלמ,268,שוק הבשמים,4036
הרובע המוסלמ,268,שוק הצבעים,4081
הרובע המוסלמ,268,שוק הצורפים,4038
הרובע המוסלמ,268,שוק הקצבים,4037
הרובע המוסלמ,268,שייח' חסן,4017
הרובע המוסלמ,268,שייח' לולו,4023
הרובע המוסלמ,268,שייח' ריחאן,4021
הרובע המוסלמ,268,שער הברזל,4032
הרובע המוסלמ,268,שער הפרחים,4154
הרובע המוסלמ,268,שער השלשלת,4034
הרובע הנוצרי,270,א סידה,4074
הרובע הנוצרי,270,אל ג'בשה,4071
הרובע הנוצרי,270,בית הבד,4035
הרובע הנוצרי,270,דמיטריוס הקדוש,4064
הרובע הנוצרי,270,האבטיחים,4075
הרובע הנוצרי,270,האחים פרר,4063
הרובע הנוצרי,270,הבורסקאים,4067
הרובע הנוצרי,270,המנזר האתיופי,5540
הרובע הנוצרי,270,הנוצרים,4321
הרובע הנוצרי,270,הפטריארכיה היוונ, 
הרובע הנוצרי,270,הפטריארכיה הלטינ,4066
הרובע הנוצרי,270,הקופטים,5802
הרובע הנוצרי,270,השליחים,5570
הרובע הנוצרי,270,השער החדש,4061
הרובע הנוצרי,270,ויה דולורוזה,4002
הרובע הנוצרי,270,חוואלידה, 
הרובע הנוצרי,270,חצר מר בוטרוס, 
הרובע הנוצרי,270,מוריסטאן,4082
הרובע הנוצרי,270,מעלות א ח'אנקה,4070
הרובע הנוצרי,270,משעול וורסווה, 
הרובע הנוצרי,270,סנט הלנה,4080
הרובע הנוצרי,270,סנט פיטר,4068
הרובע הנוצרי,270,סנט פרנציס,4069
הרובע הנוצרי,270,עומר בן אל ח'טאב,6020
הרובע הנוצרי,270,עופר מנשס, 
הרובע הנוצרי,270,עקבת א תאקיה מעלו,4044
הרובע הנוצרי,270,קאזה נובה,4062
הרובע הנוצרי,270,ריסאס,4024
הרובע הנוצרי,270,שביל סנט ג'ורג',4079
הרובע הנוצרי,270,שוק הצבעים,4081
הרובע הנוצרי,270,שוק הקצבים,4037
ואדי ג'וז,272,א טברי,4168
ואדי ג'וז,272,אבו בכר א סדיק,4424
ואדי ג'וז,272,אבו חניפה,4607
ואדי ג'וז,272,אבן טולון,4099
ואדי ג'וז,272,אהרון קציר,4360
ואדי ג'וז,272,אומרו אל קיס,4169
ואדי ג'וז,272,אימאם אל חנבלי,4608
ואדי ג'וז,272,אימאם אל מאלכי,4050
ואדי ג'וז,272,אל מוקדסי,4271
ואדי ג'וז,272,אל מותנבי,3600
ואדי ג'וז,272,בני אומיה,4609
ואדי ג'וז,272,דרך א טור שמואל ב,4281
ואדי ג'וז,272,דרך הר הזיתים,4177
ואדי ג'וז,272,ואדי אל ג'וז,4129
ואדי ג'וז,272,ח'אלד אבן אל וליד,4272
ואדי ג'וז,272,ח'ליף אל באלדי,4096
ואדי ג'וז,272,יצחק הנדיב,4352
ואדי ג'וז,272,יקות אל חמווי,4291
ואדי ג'וז,272,עות'מאן בן עפאן,4423
ואדי ג'וז,272,שדרות האוניברסיט,4393
ואדי ג'וז,272,שדרות שיירת הר הצ,4392
ואדי ג'וז,272,שמס א דין אסיוטי,4098
זכרון משה,288,אביגדורי,422
זכרון משה,288,אלפנדרי,332
זכרון משה,288,אפרים כהן,358
זכרון משה,288,בני ברית,403
זכרון משה,288,דוד ילין,376
זכרון משה,288,האמרכלים,360
זכרון משה,288,המביט,369
זכרון משה,288,הנביאים,348
זכרון משה,288,הרב אברמסקי,370
זכרון משה,288,הרב יצחק אורנשטי,382
זכרון משה,288,הרדב''ז,381
זכרון משה,288,חפץ חיים,344
זכרון משה,288,יוחנן הסנדלר,363
זכרון משה,288,יום טוב אלגזי,346
זכרון משה,288,יוסף בן מתתיהו,322
זכרון משה,288,יעקב מאיר,354
זכרון משה,288,יצחק פראג,423
זכרון משה,288,יצחק שולאל,355
זכרון משה,288,ישעיהו,349
זכרון משה,288,ישעיהו פרס,359
זכרון משה,288,כפר נחום,327
זכרון משה,288,מודיעין,323
זכרון משה,288,מיכאל וציפורה פי,345
זכרון משה,288,מלכי ישראל,305
זכרון משה,288,מנחם,329
זכרון משה,288,משה חגיז,352
זכרון משה,288,נחום,312
זכרון משה,288,נפחא,365
זכרון משה,288,נתן בירנבאום,356
זכרון משה,288,נתן שטראוס,350
זכרון משה,288,סולובייצ'יק,357
זכרון משה,288,סימה בליליוס,351
זכרון משה,288,פרי חדש,343
זכרון משה,288,ראול ולנברג,517
זכרון משה,288,רבנו תם,353
זכרון משה,288,רלב''ח,362
זכרון משה,288,רש''י,328
זכרון משה,288,שדי חמד,361
זכרון משה,288,שרעבי,364
זכרון משה,288,תחכמוני,321
חומת שמואל - ה,242,398, 
חומת שמואל - ה,242,איש מצליח,1802
חומת שמואל - ה,242,אליהו קורן,1897
חומת שמואל - ה,242,אלעזר מנחם גלרנט,1870
חומת שמואל - ה,242,אסתר רזיאל נאור,1943
חומת שמואל - ה,242,אריה ורשבסקי,1896
חומת שמואל - ה,242,הבבא סאלי,1940
חומת שמואל - ה,242,המהר''ל מפראג,1941
חומת שמואל - ה,242,הממציא,1888
חומת שמואל - ה,242,הקצין יחיאל לנגר, 
חומת שמואל - ה,242,הרב אברהם מרדכי ו,1898
חומת שמואל - ה,242,הרב אריה בינה,1930
חומת שמואל - ה,242,הרב דולגין, 
חומת שמואל - ה,242,הרב המקובל יצחק כ,1804
חומת שמואל - ה,242,הרב חסדאי קרשקש,1942
חומת שמואל - ה,242,הרב יצחק נסים,1887
חומת שמואל - ה,242,הרב כלפון משה הכה,1884
חומת שמואל - ה,242,הרב מן ההר,1932
חומת שמואל - ה,242,הרב רחמים חוויטה,1016
חומת שמואל - ה,242,זאב פלק,1892
חומת שמואל - ה,242,זרח ורהפטיג,193
חומת שמואל - ה,242,חיים מרינוב,1899
חומת שמואל - ה,242,יהודה לאו פיקרד,1889
חומת שמואל - ה,242,יעקב אבן חן,1933
חומת שמואל - ה,242,יצחק רפאל, 
חומת שמואל - ה,242,ליכטנשטיין,1891
חומת שמואל - ה,242,מנחם ברש,1931
חומת שמואל - ה,242,נחמה,4373
חומת שמואל - ה,242,נתן יעקב זלץ, 
חומת שמואל - ה,242,סול ליפצין,1885
חומת שמואל - ה,242,רפאל בר לביא,1895
חומת שמואל - ה,242,שאול אביגור,1890
חומת שמואל - ה,242,שדרות שמואל מאיר,1886
חומת שמואל - ה,242,שלמה באום,1893
חומת שמואל - ה,242,שמעון בן חמו,1894
יד ושם - הר הז,228,דוד מרדכי מאיר,1904
יד ושם - הר הז,228,דרך ישראל שוכמן,1019
יד ושם - הר הז,228,הזיכרון,1060
יד ושם - הר הז,228,יד ושם,1911
יד ושם - הר הז,228,שביל הצוקים,1489
ימין משה,300,דרור אליאל,1844
ימין משה,300,דרך חברון,1714
ימין משה,300,הבריכה,1709
ימין משה,300,הטחנה,1713
ימין משה,300,המבשר,1711
ימין משה,300,המגדל,1706
ימין משה,300,המצודה,1705
ימין משה,300,המשלט,1710
ימין משה,300,הצייר יעקב שטיינ,1845
ימין משה,300,התקווה,1703
ימין משה,300,חטיבת ירושלים,1833
ימין משה,300,חטיבת עציוני,4094
ימין משה,300,טורא,1707
ימין משה,300,ימין משה,1701
ימין משה,300,מלכי,1708
ימין משה,300,משכנות שאננים,6761
ימין משה,300,פול אמיל בוטה,1530
ימין משה,300,פלא יועץ,1704
ימין משה,300,פלט,1866
ימין משה,300,ר.ו. בדהאב,1700
ימין משה,300,ש.א. נכון,1849
כפר עקב,324,אל ארז, 
כפר עקב,324,אל אתרי, 
כפר עקב,324,אל בוטום, 
כפר עקב,324,אל בורתקאל, 
כפר עקב,324,אל בללוט, 
כפר עקב,324,אל ברקוק, 
כפר עקב,324,אל דאליה, 
כפר עקב,324,אל זמבק, 
כפר עקב,324,אל זערור, 
כפר עקב,324,אל זקוקיא, 
כפר עקב,324,אל חירוב, 
כפר עקב,324,אל חננון, 
כפר עקב,324,אל כרז, 
כפר עקב,324,אל לוז, 
כפר עקב,324,אל למון, 
כפר עקב,324,אל מוז, 
כפר עקב,324,אל מטאר,4172
כפר עקב,324,אל מטאר אל עלווי, 
כפר עקב,324,אל מטאר אל תחתי, 
כפר עקב,324,אל מישמש, 
כפר עקב,324,אל מנדלינה, 
כפר עקב,324,אל נחילה, 
כפר עקב,324,אל ספרג'ל, 
כפר עקב,324,אל צבר, 
כפר עקב,324,אל צנובר, 
כפר עקב,324,אל רוממאנה, 
כפר עקב,324,אל ריחן, 
כפר עקב,324,אל תין, 
כפר עקב,324,אל תפפאה, 
כפר עקב,324,אל תרונג', 
כפר עקב,324,דרך רמאאלה, 
כפר עקב,324,סמיר אמיס,4706
כפר עקב,324,ערוס אל עיאבה, 
כרם אברהם,332,אבינועם ילין,374
כרם אברהם,332,אברהם תלמודי,128
כרם אברהם,332,אשתורי הפרחי,366
כרם אברהם,332,הושע,302
כרם אברהם,332,הרב שמחה זיסל ברו,308
כרם אברהם,332,זכריה,310
כרם אברהם,332,חגי,307
כרם אברהם,332,חיים פרחי,131
כרם אברהם,332,יונה,306
כרם אברהם,332,יחזקאל,101
כרם אברהם,332,יעקב מאיר,354
כרם אברהם,332,ירמיהו,937
כרם אברהם,332,ישראל אהרון פישל,103
כרם אברהם,332,מיכה,309
כרם אברהם,332,מלאכי,304
כרם אברהם,332,מלכי ישראל,305
כרם אברהם,332,נחום,312
כרם אברהם,332,נחמיה,313
כרם אברהם,332,עובדיה,318
כרם אברהם,332,עזרא,126
כרם אברהם,332,עמוס,311
כרם אברהם,332,צפניה,303
מאה שערים,336,אבן יהושע,184
מאה שערים,336,אברהם מסלונים,189
מאה שערים,336,אמת ליעקב,179
מאה שערים,336,בלכר,168
מאה שערים,336,בני ברית,403
מאה שערים,336,בעל התניא,165
מאה שערים,336,בתי ורשה,182
מאה שערים,336,הומינר,265
מאה שערים,336,הכנסת אורחים,171
מאה שערים,336,הרב שמואל סלנט,173
מאה שערים,336,חברת משניות,170
מאה שערים,336,חברת ש''ס,167
מאה שערים,336,חברת תהילים,166
מאה שערים,336,חוני המעגל,176
מאה שערים,336,חיי אדם,181
מאה שערים,336,חסד לאברהם,178
מאה שערים,336,ישועות יעקב,169
מאה שערים,336,ישעיהו,349
מאה שערים,336,לוי יצחק מברדיצ'ב,251
מאה שערים,336,לייב דיין,142
מאה שערים,336,מאה שערים,162
מאה שערים,336,נחום איש גמזו,177
מאה שערים,336,נחמן מברסלב,199
מאה שערים,336,נתן שטראוס,350
מאה שערים,336,סימה בליליוס,351
מאה שערים,336,עבודת ישראל,219
מאה שערים,336,עונג שבת,172
מאה שערים,336,עין יעקב,164
מאה שערים,336,שלמה זלמן בהר''ן,180
מורשה,344,אלישע,510
מורשה,344,דניאל,507
מורשה,344,החומה השלישית,511
מורשה,344,הלני המלכה,404
מורשה,344,הנביאים,348
מורשה,344,הע''ח,506
מורשה,344,הצנחנים,525
מורשה,344,השער החדש,4061
מורשה,344,חולדה הנביאה,509
מורשה,344,חיל ההנדסה,4110
מורשה,344,יחיא אדהאן,521
מורשה,344,כ''ץ,524
מורשה,344,כיכר ספרא,6019
מורשה,344,מנהרת הצנחנים, 
מורשה,344,משמרות,505
מורשה,344,נעמי קיס,4397
מורשה,344,נתן הנביא,508
מורשה,344,סולטאן סולימאן,4275
מורשה,344,עופר מנשס, 
מורשה,344,עידו הנביא,512
מורשה,344,שבטי ישראל,501
מורשה,344,שמואל הנביא,116
מחנה יהודה - ל,368,אגריפס,613
מחנה יהודה - ל,368,אהרון מזי''א,428
מחנה יהודה - ל,368,אוהל משה,680
מחנה יהודה - ל,368,אילת,669
מחנה יהודה - ל,368,אליהו יעקב בנאי,615
מחנה יהודה - ל,368,אליהו מני,625
מחנה יהודה - ל,368,אליהו סלמן,640
מחנה יהודה - ל,368,אליעזר וחמדה בן י,426
מחנה יהודה - ל,368,ארבעת המינים,857
מחנה יהודה - ל,368,ארנון,633
מחנה יהודה - ל,368,באר שבע,654
מחנה יהודה - ל,368,ביבאס,685
מחנה יהודה - ל,368,בירב,731
מחנה יהודה - ל,368,בית יעקב,622
מחנה יהודה - ל,368,בית כי''ח, 
מחנה יהודה - ל,368,בית צור,673
מחנה יהודה - ל,368,בן נריה,700
מחנה יהודה - ל,368,בצלאל,643
מחנה יהודה - ל,368,גבע,655
מחנה יהודה - ל,368,גבעון,663
מחנה יהודה - ל,368,גזר,672
מחנה יהודה - ל,368,דביר,670
מחנה יהודה - ל,368,דוד ילין,376
מחנה יהודה - ל,368,דלתון,662
מחנה יהודה - ל,368,האגוז,626
מחנה יהודה - ל,368,האפרסק,627
מחנה יהודה - ל,368,הארז,730
מחנה יהודה - ל,368,האשכול,619
מחנה יהודה - ל,368,הגלבוע,679
מחנה יהודה - ל,368,הגליל,648
מחנה יהודה - ל,368,הדיה,634
מחנה יהודה - ל,368,החרמון,653
מחנה יהודה - ל,368,היבוק,637
מחנה יהודה - ל,368,הירמוך,636
מחנה יהודה - ל,368,הכרמל,676
מחנה יהודה - ל,368,הלבנון,702
מחנה יהודה - ל,368,הנביאים,348
מחנה יהודה - ל,368,הנצי''ב,691
מחנה יהודה - ל,368,הערמונים,628
מחנה יהודה - ל,368,הרב חיים אבולעפי,686
מחנה יהודה - ל,368,הרב יצחק אורנשטי,382
מחנה יהודה - ל,368,הרב יצחק בראשי, 
מחנה יהודה - ל,368,הרב שלוש,1532
מחנה יהודה - ל,368,הרב שמואל ברוך,616
מחנה יהודה - ל,368,השזיף,629
מחנה יהודה - ל,368,השיקמה,620
מחנה יהודה - ל,368,השקד,623
מחנה יהודה - ל,368,התות,630
מחנה יהודה - ל,368,התפוח,631
מחנה יהודה - ל,368,זכרון טוביה,675
מחנה יהודה - ל,368,חיים ולירו,605
מחנה יהודה - ל,368,חכם שלום,642
מחנה יהודה - ל,368,חלחול,674
מחנה יהודה - ל,368,חניון שומרון, 
מחנה יהודה - ל,368,חניון שוקניון אג, 
מחנה יהודה - ל,368,חצור,649
מחנה יהודה - ל,368,יהודית,347
מחנה יהודה - ל,368,יוסף בן מתתיהו,322
מחנה יהודה - ל,368,יוסף חיים,664
מחנה יהודה - ל,368,יוסף שוורץ,608
מחנה יהודה - ל,368,יזרעאל,697
מחנה יהודה - ל,368,יפו,612
מחנה יהודה - ל,368,כורזין,644
מחנה יהודה - ל,368,כי''ח,618
מחנה יהודה - ל,368,כפר ברעם,646
מחנה יהודה - ל,368,לכיש,666
מחנה יהודה - ל,368,מזכרת משה,678
מחנה יהודה - ל,368,מחנה יהודה,6571
מחנה יהודה - ל,368,מיוחס,606
מחנה יהודה - ל,368,מיכאל וציפורה פי,345
מחנה יהודה - ל,368,מסילת ישרים,689
מחנה יהודה - ל,368,מעון,671
מחנה יהודה - ל,368,מצפה,656
מחנה יהודה - ל,368,משה דוד גאון,609
מחנה יהודה - ל,368,משכנות,688
מחנה יהודה - ל,368,נהר פרת,641
מחנה יהודה - ל,368,נוב,658
מחנה יהודה - ל,368,נסים בכר,638
מחנה יהודה - ל,368,סוכת שלום,690
מחנה יהודה - ל,368,עובדיה סומך,667
מחנה יהודה - ל,368,עזרא רפאל,677
מחנה יהודה - ל,368,עיניים למשפט,683
מחנה יהודה - ל,368,ענתות,661
מחנה יהודה - ל,368,עץ חיים,617
מחנה יהודה - ל,368,פרי העץ,856
מחנה יהודה - ל,368,צוער,665
מחנה יהודה - ל,368,רבי אריה,684
מחנה יהודה - ל,368,רמה,660
מחנה יהודה - ל,368,שבת צדק,632
מחנה יהודה - ל,368,שדרות בן צבי,733
מחנה יהודה - ל,368,שדרות שז''ר,970
מחנה יהודה - ל,368,שומרון,682
מחנה יהודה - ל,368,שילה,657
מחנה יהודה - ל,368,שיריזלי,741
מחנה יהודה - ל,368,שערי צדק,603
מחנה יהודה - ל,368,שפת אמת,607
מחנה יהודה - ל,368,תבור,701
מחנה יהודה - ל,368,תחכמוני,321
מחנה יהודה - ל,368,תקוע,668
מחנה שועפט,652,ראס ח'מיס,4624
מי נפתוח – לי,380,יציאה למחלף גבעת, 
מי נפתוח – לי,380,יציאה לשדרות בן ג, 
מי נפתוח – לי,380,מגיני ירושלים,901
מי נפתוח – לי,380,נפתוח, 
מי נפתוח – לי,380,שדרות בן גוריון,941
מי נפתוח – לי,380,שדרות וייצמן,1077
מי נפתוח – לי,380,שדרות מנחם בגין,1105
מי נפתוח – לי,380,שערי ירושלים,899
ממילא,392,אליהו שמאע,515
ממילא,392,אלימלך אדמוני,1534
ממילא,392,בן סירא,408
ממילא,392,גרשון אגרון,1522
ממילא,392,דוד המלך,1528
ממילא,392,דוד רמז,1868
ממילא,392,דרך בית לחם,1753
ממילא,392,דרך חברון,1714
ממילא,392,הבריכה,1709
ממילא,392,היינריך היינה,1702
ממילא,392,המגדל,1706
ממילא,392,הצייר יעקב שטיינ,1845
ממילא,392,הצנחנים,525
ממילא,392,התקווה,1703
ממילא,392,זאב ז'בוטינסקי,1514
ממילא,392,חטיבת ירושלים,1833
ממילא,392,חטיבת עציוני,4094
ממילא,392,חניון ממילא, 
ממילא,392,חניון קרתא, 
ממילא,392,ימין משה,1701
ממילא,392,יפה עיניים,529
ממילא,392,יפו,612
ממילא,392,יצחק קריב,514
ממילא,392,ישמח מלך,531
ממילא,392,כורש,409
ממילא,392,מיטיב נגן,526
ממילא,392,מנהרת הצנחנים, 
ממילא,392,משכנות שאננים,6761
ממילא,392,נאות דשא,533
ממילא,392,נעים זמירות,530
ממילא,392,עומר בן אל ח'טאב,6020
ממילא,392,פול אמיל בוטה,1530
ממילא,392,פלט,1866
ממילא,392,קרן היסוד,1508
ממילא,392,רועה צאן,528
ממילא,392,ש.א. נכון,1849
ממילא,392,שבטי ישראל,501
ממילא,392,שדרות בלומפילד,1852
ממילא,392,שלומציון המלכה,450
ממילא,392,שלמה המלך,513
מנחת - מלחה,396,גולומב,1307
מנחת - מלחה,396,דב יוסף,1435
מנחת - מלחה,396,דוד איילון,1453
מנחת - מלחה,396,דרך אגודת ספורט ב,1451
מנחת - מלחה,396,דרך אגודת ספורט ה,1452
מנחת - מלחה,396,דרך אגודת ספורט מ,1455
מנחת - מלחה,396,דרך אהרן שולוב,1460
מנחת - מלחה,396,דרך דוד בנבנישתי,1362
מנחת - מלחה,396,דרך חיים ע. קוליץ,1252
מנחת - מלחה,396,דרך יצחק מודעי,1346
מנחת - מלחה,396,האייל,1352
מנחת - מלחה,396,הגן הטכנולוגי, 
מנחת - מלחה,396,הדב,1356
מנחת - מלחה,396,הדישון,1351
מנחת - מלחה,396,היען,1456
מנחת - מלחה,396,הכפיר,1354
מנחת - מלחה,396,הנחש, 
מנחת - מלחה,396,הנמר,1457
מנחת - מלחה,396,השועל,1458
מנחת - מלחה,396,חכם אברהם,1281
מנחת - מלחה,396,חנוך קלעי,1336
מנחת - מלחה,396,חניון קניון ירוש, 
מנחת - מלחה,396,יובב,1908
מנחת - מלחה,396,יציאה לדרך אגודת, 
מנחת - מלחה,396,יציאת אירופה,3042
מנחת - מלחה,396,מעלות אייל, 
מנחת - מלחה,396,מעלות הרב נוריאל,1909
מנחת - מלחה,396,משה שרת,1368
מנחת - מלחה,396,עמשא,1910
מנחת - מלחה,396,ערד,3044
מנחת - מלחה,396,פטריה,3043
מנחת - מלחה,396,קדושי סטרומה,1350
מנחת - מלחה,396,קניון ירושלים מל, 
מנחת - מלחה,396,רקם,3041
מעלות דפנה,408,ויליאם אולברייט,3036
מעלות דפנה,408,חניון גבעת התחמו, 
מעלות דפנה,408,מח''ל,4351
מעלות דפנה,408,מנהרת לוי אשכול, 
מעלות דפנה,408,מקווה ישראל,4318
מעלות דפנה,408,סוקניק,3040
מעלות דפנה,408,קלרמון גאנו,4601
מעלות דפנה,408,קרל נטר,4317
מעלות דפנה,408,שדרות חיים ברלב,4113
מעלות דפנה,408,שדרות יוסף שני,4379
מעלות דפנה,408,שדרות יצחק פניגר,4378
מעלות דפנה,408,שדרות לוי אשכול,4276
מעלות דפנה,408,שלמה זלמן שרגאי,4287
מעלות דפנה,408,שמעון הצדיק,235
מעלות דפנה,408,ששת הימים,4283
מקור ברוך,416,אבו באסל, 
מקור ברוך,416,אוהל שלמה,602
מקור ברוך,416,אליהו מני,625
מקור ברוך,416,אלעזר המכבי,339
מקור ברוך,416,אלפנדרי,332
מקור ברוך,416,ארבל,324
מקור ברוך,416,ביבאס,685
מקור ברוך,416,בית יעקב,622
מקור ברוך,416,בר גיורא,333
מקור ברוך,416,גיטל דינוביץ,736
מקור ברוך,416,גשר החיים,385
מקור ברוך,416,דוד אבישר,735
מקור ברוך,416,דוד ילין,376
מקור ברוך,416,דון יוסף נשיא,335
מקור ברוך,416,הדקל,621
מקור ברוך,416,הזית,337
מקור ברוך,416,החשמונאים,338
מקור ברוך,416,הטורים,336
מקור ברוך,416,הרב משה זאב פלדמן, 
מקור ברוך,416,הרב שבתאי עלוואן,737
מקור ברוך,416,הרב שמואל ברוך,616
מקור ברוך,416,השיקמה,620
מקור ברוך,416,חיים ולירו,605
מקור ברוך,416,חניון שוקניון אג, 
מקור ברוך,416,יהודה המכבי,341
מקור ברוך,416,יוסף בן מתתיהו,322
מקור ברוך,416,יפו,612
מקור ברוך,416,ירמיהו,937
מקור ברוך,416,כינרת,325
מקור ברוך,416,כפר נחום,327
מקור ברוך,416,לואיס ברנדייס,320
מקור ברוך,416,למפרונטי,913
מקור ברוך,416,מודיעין,323
מקור ברוך,416,מזור,734
מקור ברוך,416,מיוחס,606
מקור ברוך,416,מירון,331
מקור ברוך,416,מלכי ישראל,305
מקור ברוך,416,מנחם,329
מקור ברוך,416,מנחת יצחק,4907
מקור ברוך,416,מרדכי צבי אילן,326
מקור ברוך,416,משה דוד גאון,609
מקור ברוך,416,משה ולאך,912
מקור ברוך,416,נבון,610
מקור ברוך,416,נורדאו,959
מקור ברוך,416,נתיב יצחק,738
מקור ברוך,416,פקיעין,330
מקור ברוך,416,קב ונקי,386
מקור ברוך,416,רש''י,328
מקור ברוך,416,רשב''ם,334
מקור ברוך,416,שבת צדק,632
מקור ברוך,416,שד''ל,604
מקור ברוך,416,שדרות שז''ר,970
מקור ברוך,416,שדרות שרי ישראל,340
מקור ברוך,416,שמגר,907
מקור ברוך,416,שמעון המכבי,342
מקור ברוך,416,שערי צדק,603
מקור ברוך,416,שפת אמת,607
מקור ברוך,416,תחכמוני,321
מקור ברוך,416,תשב''ץ,732
מקור חיים,420,אביטל,1796
מקור חיים,420,אשר,1789
מקור חיים,420,גנרל פייר קניג,1787
מקור חיים,420,דרך הרכבת,1767
מקור חיים,420,המוסכים,1793
מקור חיים,420,הפרסה,1860
מקור חיים,420,הרכבים,1797
מקור חיים,420,חלץ,1827
מקור חיים,420,יעקב בן דב,1432
מקור חיים,420,מקור חיים,1794
מקור חיים,420,צרת,1795
מרכז העיר,400,אבן ישראל,430
מרכז העיר,400,אגריפס,613
מרכז העיר,400,אהרון מזי''א,428
מרכז העיר,400,אליעזר וחמדה בן י,426
מרכז העיר,400,אליעזר ריבלין,469
מרכז העיר,400,אלישע,510
מרכז העיר,400,אנג'לו לוי ביאנקי,471
מרכז העיר,400,אריסטובולוס,419
מרכז העיר,400,אתיופיה,402
מרכז העיר,400,בארי,447
מרכז העיר,400,בן הלל,435
מרכז העיר,400,בן סירא,408
מרכז העיר,400,בני ברית,403
מרכז העיר,400,בצלאל,643
מרכז העיר,400,גרוזנברג,461
מרכז העיר,400,גרשון אגרון,1522
מרכז העיר,400,דו נואס,420
מרכז העיר,400,דורות ראשונים,439
מרכז העיר,400,דרום,465
מרכז העיר,400,ההסתדרות,434
מרכז העיר,400,החבצלת,415
מרכז העיר,400,הלל,432
מרכז העיר,400,הלני המלכה,404
מרכז העיר,400,המלך ג'ורג',429
מרכז העיר,400,המעלות,448
מרכז העיר,400,המערבים,1533
מרכז העיר,400,הנביאים,348
מרכז העיר,400,הסורג,468
מרכז העיר,400,הצנחנים,525
מרכז העיר,400,הקרן הקיימת לישר,801
מרכז העיר,400,הרב אבידע,463
מרכז העיר,400,הרב אג''ן,424
מרכז העיר,400,הרב קוק,421
מרכז העיר,400,הרברט סמואל,437
מרכז העיר,400,זאב רבן,744
מרכז העיר,400,זמנהוף,1525
מרכז העיר,400,חניון אוריון, 
מרכז העיר,400,חניון הלני המלכה, 
מרכז העיר,400,חניון המעלות, 
מרכז העיר,400,חניון כיכר ספרא, 
מרכז העיר,400,חניון מגרש הרוסי, 
מרכז העיר,400,חניון מרכז ירושל, 
מרכז העיר,400,חניון שמאי 10, 
מרכז העיר,400,טיכו,455
מרכז העיר,400,יואל משה סלומון,442
מרכז העיר,400,יוחנן הורקנוס,416
מרכז העיר,400,יוחנן מגוש חלב,413
מרכז העיר,400,יוסף טרומפלדור,452
מרכז העיר,400,יוסף ריבלין,441
מרכז העיר,400,ינאי,414
מרכז העיר,400,יעבץ,438
מרכז העיר,400,יפו,612
מרכז העיר,400,יצחק אלישר,418
מרכז העיר,400,יצחק קריב,514
מרכז העיר,400,ישראל זמורה,467
מרכז העיר,400,כורש,409
מרכז העיר,400,כי''ח,618
מרכז העיר,400,כיכר ספרא,6019
מרכז העיר,400,לונץ,440
מרכז העיר,400,מאיר שחם,453
מרכז העיר,400,מבוא אריה לייב הו, 
מרכז העיר,400,מבוא בן ברוך,462
מרכז העיר,400,מבוא בנימין סלנט,2504
מרכז העיר,400,מבוא המתמיד,449
מרכז העיר,400,מבוא הרב ביצ'אצו,478
מרכז העיר,400,מבוא הרב חיים אלב,2101
מרכז העיר,400,מבוא חיים הלוי קו,2501
מרכז העיר,400,מבוא יהושוע ילין, 
מרכז העיר,400,מונבז,405
מרכז העיר,400,מיכאל וציפורה פי,345
מרכז העיר,400,מנשה בן ישראל,459
מרכז העיר,400,מסילת ישרים,689
מרכז העיר,400,מעבר בית הכנסת,473
מרכז העיר,400,מעלות נחלת שבעה,444
מרכז העיר,400,מרדכי נרקיס,703
מרכז העיר,400,מרדכי עליאש,431
מרכז העיר,400,משיח ברוכוף,624
מרכז העיר,400,משעול הגבורה,476
מרכז העיר,400,נתיב הרכבל, 
מרכז העיר,400,נתן שטראוס,350
מרכז העיר,400,עוזי (יחזקאל) חסו,412
מרכז העיר,400,עזרת ישראל,425
מרכז העיר,400,פרומקין,417
מרכז העיר,400,קרן היסוד,1508
מרכז העיר,400,ראול ולנברג,517
מרכז העיר,400,רבי עקיבא,445
מרכז העיר,400,רבקה סטוינובסקי,479
מרכז העיר,400,ש''ץ,446
מרכז העיר,400,שבטי ישראל,501
מרכז העיר,400,שבתאי פטרושקה,406
מרכז העיר,400,שדרות בן מיימון,807
מרכז העיר,400,שושן,410
מרכז העיר,400,שלומציון המלכה,450
מרכז העיר,400,שלמה המלך,513
מרכז העיר,400,שמאי,436
מרכז העיר,400,שמואל הנגיד,427
מרכז העיר,400,שמואל רפאלי,705
מרכז העיר,400,שמעון בן שטח,407
מרכז העיר,400,שניאור חשין,460
מרכז העיר מזר,404,דלמן,211
מרכז העיר מזר,404,דרך שכם,4162
מרכז העיר מזר,404,הכלדיים,4095
מרכז העיר מזר,404,הנביאים,348
מרכז העיר מזר,404,חיל ההנדסה,4110
מרכז העיר מזר,404,מנהרת הצנחנים, 
מרכז העיר מזר,404,נבי שועיב,4622
מרכז העיר מזר,404,נעמי קיס,4397
מרכז העיר מזר,404,סולטאן סולימאן,4275
מרכז העיר מזר,404,סלאח א דין,4100
מרכז העיר מזר,404,סנט ג'ורג',4307
מרכז העיר מזר,404,עופר מנשס, 
מרכז העיר מזר,404,עלי אבן אבו טאלב,4196
מרכז העיר מזר,404,עמר בן אלעס,4175
מרכז העיר מזר,404,ענטרה בן שדאד,4425
מרכז העיר מזר,404,פייר ואן פאסן,4286
מרכז העיר מזר,404,פיירוטי,4610
מרכז העיר מזר,404,פיקוד המרכז,4170
מרכז העיר מזר,404,קונדר,217
מרכז העיר מזר,404,קונרד שיק,4614
מרכז העיר מזר,404,שדרות חיים ברלב,4113
מרכז רפואי הד,750,386, 
מרכז רפואי הד,750,396, 
מרכז רפואי הד,750,האוניברסיטה העבר, 
מרכז רפואי הד,750,קלמן יעקב מן, 
נוה יעקב,428,אבא אחימאיר,3002
נוה יעקב,428,אביר יעקב,3015
נוה יעקב,428,אדמונד פלג,4348
נוה יעקב,428,אוצר הגאונים,5021
נוה יעקב,428,אליעזר ליבנה,3008
נוה יעקב,428,אסטורה,5001
נוה יעקב,428,אשר גולאק,4343
נוה יעקב,428,ברוך צוקרמן,3005
נוה יעקב,428,ג'עפר א סאדק,4696
נוה יעקב,428,דוד אלעזר,4648
נוה יעקב,428,דרך בית חנינא,4106
נוה יעקב,428,דרך רמאללה,4128
נוה יעקב,428,הרב וינוגרד,3016
נוה יעקב,428,הרב משה שאולי כהן,5003
נוה יעקב,428,הרב פנחס א.וסרמן, 
נוה יעקב,428,הרב פניז'ל,3006
נוה יעקב,428,הרב ש''י זווין,3014
נוה יעקב,428,הרב שלמה יוסף אלי,3017
נוה יעקב,428,הרב שמואל גדליה נ,3013
נוה יעקב,428,ויקטור ויוליוס,3010
נוה יעקב,428,יצחק טבנקין,3003
נוה יעקב,428,ישראל פונט,5002
נוה יעקב,428,כף החיים,1818
נוה יעקב,428,כפר עברי,3011
נוה יעקב,428,לאה גולדברג,4345
נוה יעקב,428,לוי יעקב,9000
נוה יעקב,428,מאיר בלבן,4341
נוה יעקב,428,מבוא דב בר יקר,3004
נוה יעקב,428,מזל טלה,4793
נוה יעקב,428,מעגלות הרב פרדס,4342
נוה יעקב,428,משה סנה,3007
נוה יעקב,428,נחום שאדיקר,3012
נוה יעקב,428,פ.צ. חיות,4344
נוה יעקב,428,צ'רלס לוץ,3009
נוה יעקב,428,ראובן גמזון,4346
נוה יעקב,428,שביל שפן הסלע, 
נוה יעקב,428,שדרות נווה יעקב,3001
נוה יעקב,428,שמחה הולצברג,4860
נחלאות שערי,444,אבן ספיר,652
נחלאות שערי,444,אבן שפרוט,726
נחלאות שערי,444,אושה,711
נחלאות שערי,444,אליעזר וחמדה בן י,426
נחלאות שערי,444,אנטוקולסקי,742
נחלאות שערי,444,בצלאל,643
נחלאות שערי,444,גבע,655
נחלאות שערי,444,דיסקין,728
נחלאות שערי,444,הגאונים,727
נחלאות שערי,444,הגליל,648
נחלאות שערי,444,הגר''א,716
נחלאות שערי,444,הירשנברג,715
נחלאות שערי,444,המדרגות,651
נחלאות שערי,444,הנצי''ב,691
נחלאות שערי,444,הקליר,724
נחלאות שערי,444,הקרן הקיימת לישר,801
נחלאות שערי,444,הר''ן,805
נחלאות שערי,444,הרב שלום שבזי,709
נחלאות שערי,444,השל''ה,721
נחלאות שערי,444,חצור,649
נחלאות שערי,444,חת''ם סופר,725
נחלאות שערי,444,טבריה,704
נחלאות שערי,444,יוסף טרומפלדור,452
נחלאות שערי,444,יראון,647
נחלאות שערי,444,ישעיהו בר זכאי,729
נחלאות שערי,444,ישראל'ס,718
נחלאות שערי,444,כהנוב,720
נחלאות שערי,444,כורזין,644
נחלאות שערי,444,כפר ברעם,646
נחלאות שערי,444,לוד,710
נחלאות שערי,444,מבוא יזהר,713
נחלאות שערי,444,מנורה,451
נחלאות שערי,444,מנחם אוסישקין,714
נחלאות שערי,444,מעלות הרב חיים ער,712
נחלאות שערי,444,מרדכי נרקיס,703
נחלאות שערי,444,נהר פרת,641
נחלאות שערי,444,נחלת צדוק,719
נחלאות שערי,444,נרבתה,650
נחלאות שערי,444,עלמא,645
נחלאות שערי,444,ענתבי,717
נחלאות שערי,444,פרוש,723
נחלאות שערי,444,ציפורי,708
נחלאות שערי,444,צפת,707
נחלאות שערי,444,שדרות בן צבי,733
נחלאות שערי,444,שילה,657
נחלאות שערי,444,שמואל רפאלי,705
נחלאות שערי,444,שערי חסד,722
נחלאות שערי,444,שפרעם,706
ניות,432,אברהם גרנות,1111
ניות,432,אלזה,1120
ניות,432,בצלאל בזק,1132
ניות,432,דוידזון,1112
ניות,432,הרב הרצוג,1422
ניות,432,זלמן שניאור,1127
ניות,432,י.צ. מיכאלסון,1113
ניות,432,יהודה בורלא,1116
ניות,432,יהושע ייבין,1130
ניות,432,יצחק שמי,1119
ניות,432,ליליין,960
ניות,432,נווה שאנן,1166
ניות,432,נחמן אביגד,4586
ניות,432,ניות,6646
ניות,432,שדרות חיים הזז,998
ניות,432,שותא רוסתבלי, 
סילואן,320,דרך השילוח,3800
סילואן,320,דרך יריחו,4146
סילואן,320,מעלה יואב, 
סילואן,320,מעלות עיר דוד,4375
סנהדריה,472,א.ש. הרטום,5503
סנהדריה,472,אופירה,253
סנהדריה,472,אוריאל,183
סנהדריה,472,אחינועם,112
סנהדריה,472,אלעשה,110
סנהדריה,472,ארץ חפץ,236
סנהדריה,472,בן ציון אטון,241
סנהדריה,472,בר אילן,301
סנהדריה,472,גבעת משה,2052
סנהדריה,472,האדמו''רים ליינער,203
סנהדריה,472,האדמו''רים מגור,3030
סנהדריה,472,הסנהדרין,210
סנהדריה,472,הרא''ם,102
סנהדריה,472,הרב בלוי,107
סנהדריה,472,הרב יצחק פלקסר,5533
סנהדריה,472,חטיבת הראל,248
סנהדריה,472,חכם עזרא עטיה,242
סנהדריה,472,יגאל ידין,4773
סנהדריה,472,ים סוף,4279
סנהדריה,472,מבוא האדמו''ר מבע,3031
סנהדריה,472,מבוא האדמו''ר מוי,3032
סנהדריה,472,מבוא הרב יהודה פת,3028
סנהדריה,472,מבוא השלום והאחד,3027
סנהדריה,472,מבוא רבי בן ציון,3029
סנהדריה,472,מיכל,111
סנהדריה,472,מעגלי הרי''ם לוין,3026
סנהדריה,472,מעלות דושינסקי,3033
סנהדריה,472,רבי שלמה זלמן דרו,4950
סנהדריה,472,שאול המלך,106
סנהדריה,472,שדרות גולדה מאיר,4452
סנהדריה,472,שדרות לוי אשכול,4276
סנהדריה,472,שמואל הנביא,116
סנהדריה,472,שפע חיים,398
עיד דוד,508,בתי מחסה,4361
עיד דוד,508,גיא בן הינום, 
עיד דוד,508,דרך העופל,4339
עיד דוד,508,דרך השילוח,3800
עיד דוד,508,המשעול האחרון,4290
עיד דוד,508,ואדי חילווה,4252
עיד דוד,508,חטיבת עציוני,4094
עיד דוד,508,חניון גבעתי, 
עיד דוד,508,מלכי צדק,4269
עיד דוד,508,מעלה השלום,4512
עיד דוד,508,מעלה יואב, 
עיד דוד,508,מעלות עיר דוד,4375
עין כרם,488,386, 
עין כרם,488,395, 
עין כרם,488,3877, 
עין כרם,488,אמא שלום,1464
עין כרם,488,גבעת היונים,1465
עין כרם,488,דוד מרדכי מאיר,1904
עין כרם,488,דרך בנימינה,1466
עין כרם,488,דרך האחיות,1469
עין כרם,488,דרך האילנות,1493
עין כרם,488,דרך החשמונאים, 
עין כרם,488,דרך הסלע,1467
עין כרם,488,דרך התצפית,1470
עין כרם,488,דרך ישראל שוכמן,1019
עין כרם,488,דרך כרמית,1218
עין כרם,488,דרך רומית, 
עין כרם,488,דרך שורק,1468
עין כרם,488,האורן,1376
עין כרם,488,הבאר,1483
עין כרם,488,הגבעה,1482
עין כרם,488,הדפנה,1378
עין כרם,488,ההדסים,1379
עין כרם,488,המעיין,1380
עין כרם,488,הנרייטה סולד,1215
עין כרם,488,העטלף,1494
עין כרם,488,הקשתות,5595
עין כרם,488,השיבולים,1492
עין כרם,488,חומת הצלפים,1471
עין כרם,488,מבוא השער,1477
עין כרם,488,מדרגות גן עדן,1474
עין כרם,488,מדרגות הביקור,1476
עין כרם,488,מדרגות הבציר,1480
עין כרם,488,מדרגות הכפר,1472
עין כרם,488,מדרגות הרומאים,1478
עין כרם,488,מעגל הניקבה,1475
עין כרם,488,מעלה האכסניה,1272
עין כרם,488,מעלה הבוסתן,1479
עין כרם,488,מקסיקו,1250
עין כרם,488,סמטת היין,1486
עין כרם,488,סמטת היקב,1485
עין כרם,488,סמטת המעיין, 
עין כרם,488,סמטת העורב,1484
עין כרם,488,סמטת הצפצפה,1481
עין כרם,488,עין כרם,1401
עין כרם,488,עמנואל אולסבנגר,1299
עין כרם,488,עמק התימנים,1487
עין כרם,488,פנמה,1278
עין כרם,488,פסח חברוני,1277
עין כרם,488,צוקי הישועה,1488
עין כרם,488,קלמן יעקב מן, 
עין כרם,488,שאול ברקלי,4476
עין כרם,488,שביל החומה,1490
עין כרם,488,שביל הצופית,1491
עין כרם,488,שביל הצוקים,1489
עיסאוויה,44,1, 
עיסאוויה,44,א זערורה, 
עיסאוויה,44,אבו ריאלה,4724
עיסאוויה,44,אום אל עצאפיר,4708
עיסאוויה,44,אחמד אסעד דארי, 
עיסאוויה,44,אחמד עלי,4750
עיסאוויה,44,אל בוסתאן,4761
עיסאוויה,44,אל ביאדר,4916
עיסאוויה,44,אל ח'לוד, 
עיסאוויה,44,אל חיאה, 
עיסאוויה,44,אל חיג'אר, 
עיסאוויה,44,אל חראיק,4838
עיסאוויה,44,אל מג'ד, 
עיסאוויה,44,אל מדארס, 
עיסאוויה,44,אל מדוורה,4727
עיסאוויה,44,אל תסאמח, 
עיסאוויה,44,ביר סאלם,4715
עיסאוויה,44,דרך מעלה אדומים,7001
עיסאוויה,44,זהרה,4153
עיסאוויה,44,ח'רובה,4710
עיסאוויה,44,חבאיל אל ערב,4726
עיסאוויה,44,מוניר חסאן, 
עיסאוויה,44,מחג'רת עתמה,6904
עיסאוויה,44,מחיסן,4909
עיסאוויה,44,מרטין בובר,4359
עיסאוויה,44,משולש ברמודה, 
עיסאוויה,44,סירת אל חג'ה,4712
עיסאוויה,44,ענאתא,4633
עיסאוויה,44,עראק אל טאירה,4709
עיסאוויה,44,קצילה,4713
עיסאוויה,44,ראס אל ג'אמע,4913
עיסאוויה,44,ראס סאלם,4714
עיר גנים,492,3877, 
עיר גנים,492,דהומיי,1266
עיר גנים,492,דרך חיים ע. קוליץ,1252
עיר גנים,492,האביבית,1249
עיר גנים,492,החלמית,1256
עיר גנים,492,הכלנית,1267
עיר גנים,492,הכרכום,1280
עיר גנים,492,הלילך,2006
עיר גנים,492,הנורית,1255
עיר גנים,492,הנרד,1282
עיר גנים,492,הנרייטה סולד,1215
עיר גנים,492,הסביון,1260
עיר גנים,492,הסחלב,1261
עיר גנים,492,הסייפן,1257
עיר גנים,492,הצלף,2002
עיר גנים,492,הרפובליקה הדומינ,1270
עיר גנים,492,הרקפת,1258
עיר גנים,492,השלכת,1287
עיר גנים,492,יעקב צור,1289
עיר גנים,492,מאיר גרוסמן,1274
עיר גנים,492,מקסיקו,1250
עיר גנים,492,ענבר לדרמן, 
עיר גנים,492,קוסטה ריקה,2004
עמק רפאים-המו,520,אליאשברג,1519
עמק רפאים-המו,520,אמיל זולא,1653
עמק רפאים-המו,520,אסא,1635
עמק רפאים-המו,520,באכר,1665
עמק רפאים-המו,520,גדליהו אלון,1674
עמק רפאים-המו,520,גנרל פייר קניג,1787
עמק רפאים-המו,520,דור דור ודורשיו,1664
עמק רפאים-המו,520,דרך בית לחם,1753
עמק רפאים-המו,520,דרך הרכבת,1767
עמק רפאים-המו,520,המגיד,1650
עמק רפאים-המו,520,המליץ,1651
עמק רפאים-המו,520,הצפירה,1627
עמק רפאים-המו,520,וינדהם דידס,1660
עמק רפאים-המו,520,חנניה,1641
עמק רפאים-המו,520,יאשיה וודג'ווד,1661
עמק רפאים-המו,520,יהושע בן נון,1631
עמק רפאים-המו,520,כרמיה,1659
עמק רפאים-המו,520,לויד ג'ורג',1655
עמק רפאים-המו,520,מאוריצי גוטליב,2151
עמק רפאים-המו,520,מאיר ומיכאל סגן כ,1008
עמק רפאים-המו,520,מל''ל,1668
עמק רפאים-המו,520,מסריק,1656
עמק רפאים-המו,520,מרטין לותר קינג,1500
עמק רפאים-המו,520,משה גסטר,1679
עמק רפאים-המו,520,סמאטס,1654
עמק רפאים-המו,520,עזריאל הילדסהימר,1647
עמק רפאים-המו,520,עזריה,1646
עמק רפאים-המו,520,עמנואל נוח,1662
עמק רפאים-המו,520,עמק רפאים,1636
עמק רפאים-המו,520,פטרסון,1658
עמק רפאים-המו,520,צבי גרץ,1657
עמק רפאים-המו,520,קליין,1667
עמק רפאים-המו,520,רוזאניס,1666
עמק רפאים-המו,520,רחל אמנו,1621
עמק רפאים-המו,520,שמואל מוהליבר,1663
ענתות - ענאתא,524,דרך מעלה אדומים,7001
ענתות - ענאתא,524,דרך ענתות,4801
ענתות - ענאתא,524,ואדי אל ח'לף,5654
ענתות - ענאתא,524,ראס ח'מיס,4624
ענתות - ענאתא,524,שדרות משה דיין,4753
ערב א-סוואחרה,528,אבו רביע,5701
ערב א-סוואחרה,528,אל ח'ולפאא אלראשד, 
ערב א-סוואחרה,528,זכריהו אוריאלי,5610
ערב א-סוואחרה,528,חיים ראובן קוברס, 
ערב א-סוואחרה,528,מוחמד חמדאן רבאי, 
ערב א-סוואחרה,528,מעלות עיר דוד,4375
פסגת זאב,532,437, 
פסגת זאב,532,אברהם דוד ליכטמן,4790
פסגת זאב,532,אברהם רפול הררי,4842
פסגת זאב,532,אורי בר און,4820
פסגת זאב,532,איסר נתנזון,4829
פסגת זאב,532,איתן לבני,4833
פסגת זאב,532,אל זהור, 
פסגת זאב,532,אלוף יקותיאל אדם,4786
פסגת זאב,532,אלי תבין,4827
פסגת זאב,532,אליהו מרידור,4825
פסגת זאב,532,אמנון יואל פרידל,4834
פסגת זאב,532,אמרי קלמן,4780
פסגת זאב,532,אריה אלטמן,4774
פסגת זאב,532,בן ציון ליאון,4843
פסגת זאב,532,בצלאל בצרווי,4778
פסגת זאב,532,גדוד חרמש,4768
פסגת זאב,532,גדוד מכמש,4755
פסגת זאב,532,גל,4818
פסגת זאב,532,דב סדן,4811
פסגת זאב,532,דוד ניב,4787
פסגת זאב,532,דוד פדרמן,4784
פסגת זאב,532,דן פגיס,4814
פסגת זאב,532,דרך בית חנינא,4106
פסגת זאב,532,דרך האלוף עוזי נר,4762
פסגת זאב,532,דרך רמאללה,4128
פסגת זאב,532,הארבעה,4758
פסגת זאב,532,הגדוד החמישי,4764
פסגת זאב,532,הניידות,4757
פסגת זאב,532,הסייר,4782
פסגת זאב,532,הסיירת הירושלמית,4765
פסגת זאב,532,השיריונאי,4817
פסגת זאב,532,השישה עשר,4754
פסגת זאב,532,התותחן,4783
פסגת זאב,532,ויליאם פרל,4847
פסגת זאב,532,זאב שרף,4807
פסגת זאב,532,זילברשטיין,4781
פסגת זאב,532,חטיבת גבעתי,4769
פסגת זאב,532,חיים גבריהו,4813
פסגת זאב,532,חיים לסקוב,4772
פסגת זאב,532,חיים פזנר,4775
פסגת זאב,532,חיים קהן,4832
פסגת זאב,532,חיים תורן,4809
פסגת זאב,532,חיל האוויר,4756
פסגת זאב,532,חיל החימוש,4771
פסגת זאב,532,חיל הקשר,4770
פסגת זאב,532,חיל הרפואה, 
פסגת זאב,532,חנה בבלי,4844
פסגת זאב,532,טיילת שמואל, 
פסגת זאב,532,י.ש. ברנדוויין,4822
פסגת זאב,532,יהודה אליצור,4836
פסגת זאב,532,יוסף נדבה,4804
פסגת זאב,532,יוספטל,4808
פסגת זאב,532,יורי שטרן,1820
פסגת זאב,532,יחזקאל דוד גויטי,4803
פסגת זאב,532,יעקב יהושע,4777
פסגת זאב,532,יצחק טוניק,4798
פסגת זאב,532,יציאה לרחוב אלוף, 
פסגת זאב,532,ירמיהו ברדנוב,4788
פסגת זאב,532,כיסא רחמים,4824
פסגת זאב,532,מאיר גרשון,4805
פסגת זאב,532,מאיר יושע,4806
פסגת זאב,532,מאשה ברוסקינה,4845
פסגת זאב,532,מבוא בנימין שלום,4835
פסגת זאב,532,מוסא פלד, 
פסגת זאב,532,מוריס בורג'ס מונו,4849
פסגת זאב,532,מזל אריה,4792
פסגת זאב,532,מזל גדי,4861
פסגת זאב,532,מזל דלי,4862
פסגת זאב,532,מזל טלה,4793
פסגת זאב,532,מזל מאזניים,4795
פסגת זאב,532,מזל קשת,4796
פסגת זאב,532,מזל שור,4794
פסגת זאב,532,מזל תאומים,4828
פסגת זאב,532,מניה שוחט,4840
פסגת זאב,532,מרדכי זר,4816
פסגת זאב,532,משה גבירצמן,4800
פסגת זאב,532,משה ונטורה,4802
פסגת זאב,532,משה רחמילביץ',4797
פסגת זאב,532,משטרת היישובים,4760
פסגת זאב,532,נחום אהרנפלד,4819
פסגת זאב,532,נתיב המזלות,4791
פסגת זאב,532,סגולת ישראל,4848
פסגת זאב,532,סיירת גולני,4759
פסגת זאב,532,עמיחי גידי פאגלי,4837
פסגת זאב,532,פאול גרינינגר,4846
פסגת זאב,532,פלוגת הטנקים היר,4776
פסגת זאב,532,צבי לבנון,4789
פסגת זאב,532,ציון גרמי,4841
פסגת זאב,532,ראובן ארזי,4812
פסגת זאב,532,ראס ח'מיס,4624
פסגת זאב,532,רינה ניקובה,4826
פסגת זאב,532,שביל שפן הסלע, 
פסגת זאב,532,שדרות משה דיין,4753
פסגת זאב,532,שדרות נווה יעקב,3001
פסגת זאב,532,שדרות סיירת דוכי,4752
פסגת זאב,532,שלום וצדק,4830
פסגת זאב,532,שלום שוורצבארד,4821
פסגת זאב,532,שלמה,4810
פסגת זאב,532,שלמה ומשה תג'ר,4823
פסגת זאב,532,שמואל יפה ארמוזה,4799
פסגת זאב,532,שמואל עדן,4831
פסגת זאב,532,שמואל תמיר כצנלס,4785
פסגת זאב,532,שמחה הולצברג,4860
פת,540,א נתר,4380
פת,540,אברהם ארסט,1392
פת,540,אריה בעהם,1390
פת,540,ברל לוקר,1347
פת,540,דב יוסף,1435
פת,540,יעקב פת,1308
פת,540,מבוא דב רוזנשטיי,1313
פת,540,מבוא שמואל פינלס,1393
פת,540,מוריס פישר,1396
צור באהר,544,3000, 
צור באהר,544,3003, 
צור באהר,544,א תין אלע'רבי, 
צור באהר,544,אבו ד'ר אלע'פארי, 
צור באהר,544,אבו חאמד ע'זאלי, 
צור באהר,544,אבן מסעוד,4745
צור באהר,544,אל בירכה, 
צור באהר,544,אל ח'ולפאא אלראשד, 
צור באהר,544,אל מקפה,4855
צור באהר,544,אל עומרי,4013
צור באהר,544,אלביר שאוקי, 
צור באהר,544,אלמדינה אלמונארה, 
צור באהר,544,אע'ביתה, 
צור באהר,544,אשר וינר,1744
צור באהר,544,ביר אל כרום,4892
צור באהר,544,ביר אלזחלוק,4894
צור באהר,544,ביר אלעקבה,4893
צור באהר,544,בנאת אבו בכר,4895
צור באהר,544,ג'אבר בן חיאן,4896
צור באהר,544,ג'דה, 
צור באהר,544,ד'את אל נטאקין, 
צור באהר,544,דיר אל עמוד,4897
צור באהר,544,ואדי אל חומוס,4898
צור באהר,544,זעקוקה,4237
צור באהר,544,חוה ארציאלי,5411
צור באהר,544,חוש דבש,4899
צור באהר,544,חלימה אל סעדיה, 
צור באהר,544,מוסעב בן עומיר, 
צור באהר,544,משה ברזני,4336
צור באהר,544,עבד אלעזיז, 
צור באהר,544,עטון, 
צור באהר,544,פאטמה אל זהראא, 
צור באהר,544,קיסאן,4911
צפון תלפיות,556,דניאל ינובסקי,5405
צפון תלפיות,556,דרך גדוד 68, 
צפון תלפיות,556,דרך חברון,1714
צפון תלפיות,556,העסקן,5404
צפון תלפיות,556,חנוך אלבק,1731
צפון תלפיות,556,טיילת גבריאל שרו,1865
צפון תלפיות,556,טיילת וולטר ואלי,1867
צפון תלפיות,556,מרדכי כספי,1727
צפון תלפיות,556,נעמי,1726
צפון תלפיות,556,עולי הגרדום,4325
צפון תלפיות,556,על''ר,4374
צפון תלפיות,556,שמואל לופו,1792
קוממיות – טל,216,אברהם לינקולן,1521
קוממיות – טל,216,אברהם מאפו,1527
קוממיות – טל,216,אוליפנט,1504
קוממיות – טל,216,אחד העם,1511
קוממיות – טל,216,אליהו שמאע,515
קוממיות – טל,216,אלימלך אדמוני,1534
קוממיות – טל,216,בלפור,833
קוממיות – טל,216,בן שמעון,1523
קוממיות – טל,216,בנימין ד'ישראלי,1505
קוממיות – טל,216,ברנר,1512
קוממיות – טל,216,ג'ורג' אליוט,1529
קוממיות – טל,216,ג'ורג' וושינגטון,1526
קוממיות – טל,216,גדליהו אלון,1674
קוממיות – טל,216,גרשון אגרון,1522
קוממיות – טל,216,דובנוב,1629
קוממיות – טל,216,דוד המלך,1528
קוממיות – טל,216,דוד מרכוס,1503
קוממיות – טל,216,דור דור ודורשיו,1664
קוממיות – טל,216,דרך בית לחם,1753
קוממיות – טל,216,המערבים,1533
קוממיות – טל,216,הנשיא,828
קוממיות – טל,216,הס,1524
קוממיות – טל,216,הפלמ''ח,1630
קוממיות – טל,216,זאב ז'בוטינסקי,1514
קוממיות – טל,216,זמנהוף,1525
קוממיות – טל,216,חובבי ציון,1506
קוממיות – טל,216,יהודה אלקלעי,1507
קוממיות – טל,216,יצחק אלחנן,1520
קוממיות – טל,216,לב העברי,1516
קוממיות – טל,216,מבוא הרכבי,1502
קוממיות – טל,216,מנדלי מוכר ספרים,1515
קוממיות – טל,216,מרדכי צבי מנה,1510
קוממיות – טל,216,מרטין לותר קינג,1500
קוממיות – טל,216,סוקולוב,1518
קוממיות – טל,216,סמולנסקין,1513
קוממיות – טל,216,עמק רפאים,1636
קוממיות – טל,216,פול אמיל בוטה,1530
קוממיות – טל,216,פינסקר,1501
קוממיות – טל,216,פרופ' יעקב שסקין,1677
קוממיות – טל,216,צבי גרץ,1657
קוממיות – טל,216,קליין,1667
קוממיות – טל,216,קרן היסוד,1508
קוממיות – טל,216,שדרות בן מיימון,807
קוממיות – טל,216,שופן,1626
קוממיות – טל,216,שלום עליכם,1509
קוממיות – טל,216,שלמה המלך,513
קטמון הישנה,152,אבא חילקיה,1328
קטמון הישנה,152,אלי כהן,1676
קטמון הישנה,152,אלעזר המודעי,1323
קטמון הישנה,152,בארות יצחק,1678
קטמון הישנה,152,בוסתנאי,1619
קטמון הישנה,152,ביל''ו,1606
קטמון הישנה,152,בית אשל,1604
קטמון הישנה,152,ברוריה,1326
קטמון הישנה,152,גדליהו אלון,1674
קטמון הישנה,152,דוד אלרואי,1628
קטמון הישנה,152,דוסתאי,1331
קטמון הישנה,152,הגדוד העברי,1624
קטמון הישנה,152,הגדנ''ע,1612
קטמון הישנה,152,החי''ם,1616
קטמון הישנה,152,החי''ש,1613
קטמון הישנה,152,הל''ה,1607
קטמון הישנה,152,הלפרין,1652
קטמון הישנה,152,המגיד,1650
קטמון הישנה,152,המעפילים,1421
קטמון הישנה,152,המצור,1615
קטמון הישנה,152,המשוריינים,1614
קטמון הישנה,152,הפורצים,1608
קטמון הישנה,152,הפלמ''ח,1630
קטמון הישנה,152,הצפירה,1627
קטמון הישנה,152,השיירות,1609
קטמון הישנה,152,חזקיהו המלך,1601
קטמון הישנה,152,חיים בג'איו,1671
קטמון הישנה,152,חיל נשים,1618
קטמון הישנה,152,טבי,1329
קטמון הישנה,152,יד מרדכי,1603
קטמון הישנה,152,יהואש,1643
קטמון הישנה,152,יהושע בן גמלא,1320
קטמון הישנה,152,יהושע בן נון,1631
קטמון הישנה,152,יוסף בר ניסן,1536
קטמון הישנה,152,יורדי הסירה,1617
קטמון הישנה,152,יותם,1632
קטמון הישנה,152,כ''ט בנובמבר,1623
קטמון הישנה,152,כובשי קטמון,1620
קטמון הישנה,152,מבוא העולה,1397
קטמון הישנה,152,מבוא יורם,1625
קטמון הישנה,152,מבצע קדש,1610
קטמון הישנה,152,מחלקי המים,1611
קטמון הישנה,152,מעלה זאב,1355
קטמון הישנה,152,משמר העם,1602
קטמון הישנה,152,נגבה,1605
קטמון הישנה,152,נקדימון,1332
קטמון הישנה,152,עוזיה,1634
קטמון הישנה,152,פרופ' יעקב שסקין,1677
קטמון הישנה,152,קליין,1667
קטמון הישנה,152,רבי זעירא,1325
קטמון הישנה,152,רבי חייא,1333
קטמון הישנה,152,רבי חלפתא,1330
קטמון הישנה,152,רבי חסדא,1322
קטמון הישנה,152,רבי מאיר,1327
קטמון הישנה,152,רבן יוחנן בן זכאי,1321
קטמון הישנה,152,רות,1649
קטמון הישנה,152,רחל אמנו,1621
קטמון הישנה,152,ריש לקיש,1324
קטמון הישנה,152,שופן,1626
קטמון הישנה,152,תל חי,1622
קטמונים,156,אבא חילקיה,1328
קטמונים,156,אברהם אלמליח,1367
קטמונים,156,אל ואלאג'ה,4399
קטמונים,156,אליעזר הגדול,1318
קטמונים,156,אליעזר מרגולין,1306
קטמונים,156,אלכסנדריון,1311
קטמונים,156,אלעזר בן יאיר,1310
קטמונים,156,אנטיגונוס,1316
קטמונים,156,בן בבא,1374
קטמונים,156,בן דוסא,1388
קטמונים,156,בן טבאי,1371
קטמונים,156,בני בתירא,1373
קטמונים,156,בר יוחאי,1361
קטמונים,156,ברל לוקר,1347
קטמונים,156,ברניקי,1335
קטמונים,156,גולומב,1307
קטמונים,156,גנרל פייר קניג,1787
קטמונים,156,דב הוז,1303
קטמונים,156,דב יוסף,1435
קטמונים,156,דרך אגודת ספורט ב,1451
קטמונים,156,דרך משה ברעם,1864
קטמונים,156,האמוראים,1248
קטמונים,156,הורקניה,1334
קטמונים,156,הנוטרים,1302
קטמונים,156,הרב הרצוג,1422
קטמונים,156,השומר,1301
קטמונים,156,חוזה סן מרטין,1349
קטמונים,156,חיים יחיל,1395
קטמונים,156,חננאל,1363
קטמונים,156,טוביה,1312
קטמונים,156,טוביה בן חפץ,1382
קטמונים,156,יהודה הנשיא,1337
קטמונים,156,יהושע בן גמלא,1320
קטמונים,156,יוסי בן יועזר,1314
קטמונים,156,יעקב ברגר,1304
קטמונים,156,יעקב פת,1308
קטמונים,156,יצחק שדה,1305
קטמונים,156,יציאה לרחוב גולו, 
קטמונים,156,מכור,1319
קטמונים,156,מעגלי יבנה,1366
קטמונים,156,מעלה זאב,1355
קטמונים,156,נהוראי,1295
קטמונים,156,ניקנור,1338
קטמונים,156,ניתאי הארבלי,1340
קטמונים,156,קנאי הגליל,1309
קטמונים,156,רב אשי,1398
קטמונים,156,רבי חנינא,1387
קטמונים,156,רבי חסדא,1322
קטמונים,156,רבי טרפון,1372
קטמונים,156,רבי מאיר,1327
קטמונים,156,רבי צדוק,1360
קטמונים,156,רבי תנחומא,1386
קטמונים,156,רבן יוחנן בן זכאי,1321
קטמונים,156,רשב''ג,1315
קטמונים,156,שדרות מנחם בגין,1105
קריית היובל,568,א.ד. גורדון,1210
קריית היובל,568,א.מ. שמורק,1262
קריית היובל,568,אבל פן,464
קריית היובל,568,אברהם ניסן,1247
קריית היובל,568,אברהם שטרן,1297
קריית היובל,568,אברהם שרון,1263
קריית היובל,568,אהרון רבינוביץ',1219
קריית היובל,568,אורוגואי,1231
קריית היובל,568,אנילביץ',1206
קריית היובל,568,אריה ל. מוצקין,1222
קריית היובל,568,אריה קלנר,2001
קריית היובל,568,ארתור הנטקה,1207
קריית היובל,568,בוליביה,1237
קריית היובל,568,בורוכוב,1205
קריית היובל,568,ברזיל,1268
קריית היובל,568,גואטמלה,1241
קריית היובל,568,גולומב,1307
קריית היובל,568,ד''ר רינגלבלום,1290
קריית היובל,568,דרך חיים ע. קוליץ,1252
קריית היובל,568,דרך כרמית,1218
קריית היובל,568,הזיכרון,1060
קריית היובל,568,הנרייטה סולד,1215
קריית היובל,568,הציונות,1296
קריית היובל,568,הרב חיים חביב,2007
קריית היובל,568,השועל,1458
קריית היובל,568,וולטה עילית,1246
קריית היובל,568,ורבורג,1217
קריית היובל,568,חיים סירני,1226
קריית היובל,568,יאנוש קורצ'אק,1273
קריית היובל,568,יהודה קורט בלומנ,2011
קריית היובל,568,יונה קרמנצקי,1211
קריית היובל,568,יחיאל צ'לנוב,1213
קריית היובל,568,יעקב גאוני,1345
קריית היובל,568,יעקב טהון,1224
קריית היובל,568,יצחק מ. בודנהיימר,1221
קריית היובל,568,יצחק ניידיץ',1208
קריית היובל,568,יצחק רובינשטיין,1264
קריית היובל,568,ישראל זנגוויל,2012
קריית היובל,568,מאיר אבנר,1298
קריית היובל,568,מאיר גרונולד,1276
קריית היובל,568,מאיר גרוסמן,1274
קריית היובל,568,מעלות חנה סנש,1243
קריית היובל,568,מעלות יצחק צבי אט,1220
קריית היובל,568,מרקו ברוך,1245
קריית היובל,568,משה קליינמן,1223
קריית היובל,568,נ.י. אפשטיין,1230
קריית היובל,568,סופר מוטקה,1342
קריית היובל,568,עין כרם,1401
קריית היובל,568,עמנואל אולסבנגר,1299
קריית היובל,568,ענבר לדרמן, 
קריית היובל,568,עקיבא כוס בינה,1442
קריית היובל,568,פלורנטין,1228
קריית היובל,568,פסח חברוני,1277
קריית היובל,568,צ'ילה,1227
קריית היובל,568,צבי שפירא,1212
קריית היובל,568,קרית היובל,6698
קריית היובל,568,שאול ברקלי,4476
קריית היובל,568,שביל הצוקים,1489
קריית היובל,568,שדרות הרצל,1021
קריית היובל,568,שמריהו לוין,1214
קריית היובל,568,תורה ועבודה,1083
קריית הלאום,567, זבולון המר,1177
קריית הלאום,567,אבא אבן,1002
קריית הלאום,567,אברהם גרנות,1111
קריית הלאום,567,אליעזר קפלן,1108
קריית הלאום,567,בנק ישראל,1181
קריית הלאום,567,בצלאל,643
קריית הלאום,567,דוידזון,1112
קריית הלאום,567,דרך רופין,1101
קריית הלאום,567,האלוף דוד שאלתיא,1125
קריית הלאום,567,היכל המשפט,1007
קריית הלאום,567,העלייה,1122
קריית הלאום,567,הרב צבי יהודה,1024
קריית הלאום,567,הרב שמואל ברוך,616
קריית הלאום,567,זאב וילנאי,1015
קריית הלאום,567,חניון בנייני האו, 
קריית הלאום,567,חניון הלאום, 
קריית הלאום,567,טיילת מייזר, 
קריית הלאום,567,יהודה בורלא,1116
קריית הלאום,567,יואל זוסמן,1182
קריית הלאום,567,יוסף בורג,1003
קריית הלאום,567,יוסף הרליץ,2111
קריית הלאום,567,יצחק כהן, 
קריית הלאום,567,יציאה למחלף קרית, 
קריית הלאום,567,יציאה לשדרות יצח, 
קריית הלאום,567,יציאה לשדרות מנח, 
קריית הלאום,567,יציאה לשדרות שז'', 
קריית הלאום,567,ליליין,960
קריית הלאום,567,מרכז הקונגרסים ב, 
קריית הלאום,567,משעול אליהו לוי, 
קריית הלאום,567,נווה שאנן,1166
קריית הלאום,567,נורדאו,959
קריית הלאום,567,נחמן אביגד,4586
קריית הלאום,567,ניות,6646
קריית הלאום,567,נתנאל לורך,968
קריית הלאום,567,רוטשילד,1114
קריית הלאום,567,רחבת אבא אבן, 
קריית הלאום,567,רחבת חביב שמעוני,746
קריית הלאום,567,שדרות בן צבי,733
קריית הלאום,567,שדרות האומה,1183
קריית הלאום,567,שדרות הנשיא השיש,1172
קריית הלאום,567,שדרות הרצל,1021
קריית הלאום,567,שדרות וולפסון,1128
קריית הלאום,567,שדרות וייצמן,1077
קריית הלאום,567,שדרות חיים הזז,998
קריית הלאום,567,שדרות יצחק רבין,1106
קריית הלאום,567,שדרות מנחם בגין,1105
קריית הלאום,567,שדרות שז''ר,970
קריית הלאום,567,שותא רוסתבלי, 
קריית הלאום,567,שמואל סטפן וויז,1109
קריית הלאום,567,שערי משפט,1103
קריית הממשלה-,730,אהרון קציר,4360
קריית הממשלה-,730,דרך שכם,4162
קריית הממשלה-,730,מנהרת לוי אשכול, 
קריית הממשלה-,730,קלרמון גאנו,4601
קריית הממשלה-,730,שדרות האוניברסיט,4393
קריית הממשלה-,730,שדרות חיים ברלב,4113
קריית הממשלה-,730,שדרות לוי אשכול,4276
קריית מנחם,584,איסלנד,1285
קריית מנחם,584,דהומיי,1266
קריית מנחם,584,החלמית,1256
קריית מנחם,584,החרצית,1279
קריית מנחם,584,הנרייטה סולד,1215
קריית מנחם,584,הסייפן,1257
קריית מנחם,584,מקסיקו,1250
קריית מנחם,584,ניקרגואה,1286
קריית מנחם,584,פינלנד, 
קריית מנחם,584,פנמה,1278
קריית מנחם,584,קולומביה,1265
קריית משה,588,אליעזר הלוי,1022
קריית משה,588,בזל,1000
קריית משה,588,בית הדפוס,895
קריית משה,588,בית שערים,971
קריית משה,588,בן ציון,1086
קריית משה,588,גבעת שאול,1143
קריית משה,588,גשר המיתרים, 
קריית משה,588,גת,1006
קריית משה,588,דגל ראובן,1092
קריית משה,588,דניאל סירקיס,1902
קריית משה,588,הברון הירש,1013
קריית משה,588,העילוי,1090
קריית משה,588,הרב מ.א. עמיאל,1011
קריית משה,588,הרב מיימון,1068
קריית משה,588,הרב נורוק,981
קריית משה,588,הרב ניסנבוים,1225
קריית משה,588,הרב צבי יהודה,1024
קריית משה,588,הרב ריינס,1300
קריית משה,588,יהושוע פרבשטיין,1023
קריית משה,588,ימין אבות,935
קריית משה,588,יפו,612
קריית משה,588,יציאה לשדרות הרצ, 
קריית משה,588,ירמיהו,937
קריית משה,588,מבוא יצחק,1079
קריית משה,588,מעלות הרב וידאל א,1149
קריית משה,588,מעלות שר שלום,1148
קריית משה,588,פיק,1010
קריית משה,588,קוסובסקי,1065
קריית משה,588,קורות העיתים,1117
קריית משה,588,קרית משה,1004
קריית משה,588,רב צעיר,1014
קריית משה,588,שדרות בן גוריון,941
קריית משה,588,שדרות המאירי,1020
קריית משה,588,שדרות הרצל,1021
קריית משה,588,שדרות וולפסון,1128
קריית משה,588,שדרות וייצמן,1077
קריית משה,588,שדרות יצחק רבין,1106
קריית משה,588,שדרות מנחם בגין,1105
קריית משה,588,שדרות שז''ר,970
קריית משה,588,שושנה פוליאקוב,1009
קריית משה,588,שערי ירושלים,899
קריית משה,588,שפרה,936
קריית שמואל,596,איתמר בן אב''י,825
קריית שמואל,596,האדר''ת,827
קריית שמואל,596,הלפרין,1652
קריית שמואל,596,הפלמ''ח,1630
קריית שמואל,596,הרב ברודי,835
קריית שמואל,596,הרב הרצוג,1422
קריית שמואל,596,הרב חיים ברלין,823
קריית שמואל,596,הרב חן,836
קריית שמואל,596,התיבונים,818
קריית שמואל,596,חרל''פ,826
קריית שמואל,596,טשרניחובסקי,1405
קריית שמואל,596,יצחק צבי אטינגר,837
קריית שמואל,596,מעלות משה ריבלין,834
קריית שמואל,596,שדרות חיים הזז,998
ראס אל עמוד,600,א שייח',4150
ראס אל עמוד,600,דרך יריחו,4146
ראס אל עמוד,600,מעלות עיר דוד,4375
ראס אל עמוד,600,ראס אל עמוד,4254
רוממה,604,אהליאב,939
רוממה,604,אוהל יהושע,4903
רוממה,604,אור אלחנן,115
רוממה,604,ארגמן,938
רוממה,604,אריאל,917
רוממה,604,גדרה,954
רוממה,604,גשר המיתרים, 
רוממה,604,האדריכל,997
רוממה,604,האור,918
רוממה,604,החשמונאים,338
רוממה,604,הטלוויזיה הישראל, 
רוממה,604,המ''ג,944
רוממה,604,המאסף,919
רוממה,604,המון,920
רוממה,604,הצבי,916
רוממה,604,זכרון יעקב,964
רוממה,604,חירם,911
רוממה,604,חנה,317
רוממה,604,יעקובזון,395
רוממה,604,יפו,612
רוממה,604,יציאה לכיוון תל א, 
רוממה,604,יציאה לשדרות ויי, 
רוממה,604,ירמיהו,937
רוממה,604,מוריה,915
רוממה,604,מכון בית יעקב למו, 
רוממה,604,מלכי ישראל,305
רוממה,604,מנחת יצחק,4907
רוממה,604,מעלות זלמן בראשי,316
רוממה,604,מענה שמחה,958
רוממה,604,נורדאו,959
רוממה,604,פתח תקווה,925
רוממה,604,ראש פינה,963
רוממה,604,ראשון לציון,962
רוממה,604,רוממה,942
רוממה,604,שדרות הרצל,1021
רוממה,604,שדרות וייצמן,1077
רוממה,604,שדרות מנחם בגין,1105
רוממה,604,שדרות שז''ר,970
רוממה,604,שדרות שרי ישראל,340
רוממה,604,שמגר,907
רוממה,604,שערי ירושלים,899
רוממה,604,שפע חיים,398
רוממה,604,תורה מציון,921
רוממה,604,תחנה מרכזית, 
רוממה,604,תכלת מרדכי,945
רוממה אזור תע,606,אהליאב,939
רוממה אזור תע,606,אור אלחנן,115
רוממה אזור תע,606,ארגמן,938
רוממה אזור תע,606,האדריכל,997
רוממה אזור תע,606,הטלוויזיה הישראל, 
רוממה אזור תע,606,המאסף,919
רוממה אזור תע,606,הצבי,916
רוממה אזור תע,606,הרב שלמה אהרון וו,924
רוממה אזור תע,606,הרקמה,923
רוממה אזור תע,606,התכלת,940
רוממה אזור תע,606,ירמיהו,937
רוממה אזור תע,606,מלכי ישראל,305
רוממה אזור תע,606,שדרות שרי ישראל,340
רוממה אזור תע,606,שמגר,907
רוממה אזור תע,606,תובל,908
רוממה אזור תע,606,תורה מציון,921
רוממה אזור תע,606,תכלת מרדכי,945
רחביה,616,אבן גבירול,810
רחביה,616,אבן עזרא,806
רחביה,616,אבן שפרוט,726
רחביה,616,אברבנאל,803
רחביה,616,איתמר בן אב''י,825
רחביה,616,אלחריזי,811
רחביה,616,אליעזר ריבלין,469
רחביה,616,אלפסי,812
רחביה,616,אפודי,821
רחביה,616,אריה רוטנברג,829
רחביה,616,ארלוזורוב,813
רחביה,616,בלפור,833
רחביה,616,בן לברט,820
רחביה,616,בן סרוק,819
רחביה,616,בנימין מטודלה,817
רחביה,616,ברנר,1512
רחביה,616,גרשון אגרון,1522
רחביה,616,דיסקין,728
רחביה,616,דרך עזה,808
רחביה,616,דרך רופין,1101
רחביה,616,האדר''ת,827
רחביה,616,האר''י,830
רחביה,616,המלך ג'ורג',429
רחביה,616,הנשיא,828
רחביה,616,הסלח,822
רחביה,616,הקליר,724
רחביה,616,הקרן הקיימת לישר,801
רחביה,616,הר''ן,805
רחביה,616,הרב הרצוג,1422
רחביה,616,הרב חיים ברלין,823
רחביה,616,התיבונים,818
רחביה,616,זאב ז'בוטינסקי,1514
רחביה,616,חנוך ילון,470
רחביה,616,חרל''פ,826
רחביה,616,חת''ם סופר,725
רחביה,616,יוסף טרומפלדור,452
רחביה,616,כיכר מגנס,6014
רחביה,616,מנחם אוסישקין,714
רחביה,616,מעבר הראב''ד,745
רחביה,616,מעלה יצחק שריון,816
רחביה,616,מרדכי נרקיס,703
רחביה,616,סמולנסקין,1513
רחביה,616,עובדיה מברטנורה,831
רחביה,616,קרן היסוד,1508
רחביה,616,רבי סעדיה גאון,815
רחביה,616,רד''ק,814
רחביה,616,רמב''ן,809
רחביה,616,רשב''א,802
רחביה,616,שדרות בן מיימון,807
רחביה,616,שדרות בן צבי,733
רחביה,616,שדרות חיים הזז,998
רחביה,616,שלמה מולכו,832
רחביה,616,שמואל הנגיד,427
רמות,620,1, 
רמות,620,אבא הלל סילבר,4440
רמות,620,אביעזר,4474
רמות,620,אבן שמואל,4478
רמות,620,אברהם אידלזון,4479
רמות,620,אברהם רקנאטי,5011
רמות,620,אהרון אשכולי,4455
רמות,620,אהרון צבי פרופס,4466
רמות,620,אליהו בראון,4497
רמות,620,אלימלך מליז'נסק,4488
רמות,620,אליעזר הופיין,4594
רמות,620,אלכסנדר אייג,4597
רמות,620,אלפרד ויתקון,4493
רמות,620,אם הבנים,5480
רמות,620,אסירי ציון,4454
רמות,620,ארי במסתרים,4489
רמות,620,אריך מנדלסון,4473
רמות,620,בן יחזקאל,4585
רמות,620,בן עטר,4470
רמות,620,בנימין מינץ,4484
רמות,620,גדליה בובליק,4447
רמות,620,גיזה,4582
רמות,620,דה לימה,4584
רמות,620,דוד באזוב,4477
רמות,620,דרך החורש,5300
רמות,620,האחים להרן,4583
רמות,620,הארי טרומן,4439
רמות,620,הדף היומי,5016
רמות,620,ההבטחה,4587
רמות,620,ההעברה,5310
רמות,620,הכיסופים,4437
רמות,620,הלנה כגן,4468
רמות,620,המשורר אצ''ג,4465
רמות,620,המשוררת זלדה,4683
רמות,620,הנרי מורגנטאו,4450
רמות,620,הצדיק מצ'כנוב,4463
רמות,620,הקונגרס הציוני,4464
רמות,620,הרא''ה,4430
רמות,620,הרב אברהם שיף,4486
רמות,620,הרב אור שרגא,5019
רמות,620,הרב דוד זריצקי,5020
רמות,620,הרב ולנשטיין,4485
רמות,620,הרב חזקיה שבתאי,4469
רמות,620,הרב ישראל פורת,4491
רמות,620,הרב ישראל שרייבר,4443
רמות,620,הרב מ.ל. רובין,4487
רמות,620,הרמן שטרוק,5475
רמות,620,ועד ארבע ארצות,4483
רמות,620,זאב וילהלם גרוס,5482
רמות,620,חיים גרינברג,4445
רמות,620,טללים,4436
רמות,620,יגאל אלון,4459
רמות,620,יגאל ידין,4773
רמות,620,יהודה קרני,4472
רמות,620,יהושע פראוור,4682
רמות,620,יוסל'ה רוזנבלט,4496
רמות,620,יוסף אלבו,5479
רמות,620,יוסף צבי הערץ,4441
רמות,620,יוסף שכטמן,4449
רמות,620,יוסף שנברגר,4500
רמות,620,יחזקאל קוטשר,4490
רמות,620,יחזקאל קויפמן,4536
רמות,620,יעקב דה האז,4448
רמות,620,יעקב דוד קמזון,4598
רמות,620,יצחק אולשן,4498
רמות,620,יצחק מירסקי,4482
רמות,620,יצחק מסליאנסקי,4446
רמות,620,יציאה לכביש 1, 
רמות,620,יציאה למחלף יגאל, 
רמות,620,ישראל בן זאב,4461
רמות,620,ישראל זרחי,4596
רמות,620,לואי ליפסקי,4442
רמות,620,מאיר ג'יניאו,4475
רמות,620,מועדים,5015
רמות,620,מנדל בייליס,5478
רמות,620,מעוז,4438
רמות,620,מעלה הארנים,4595
רמות,620,מעלות חדוה,5012
רמות,620,מעלות רננים,5013
רמות,620,משה צבי סגל,4494
רמות,620,משה שור,4460
רמות,620,משעול הדקלים,5305
רמות,620,משעול ההדס,4590
רמות,620,משעול היערה,5302
רמות,620,משעול הכתרון,4591
רמות,620,משעול המגלית,5301
רמות,620,משעול העוזרד,5304
רמות,620,משעול הקורטם,5303
רמות,620,משעול הקורנית,4589
רמות,620,משעול הרותם,4593
רמות,620,משעול מורן,4592
רמות,620,משפט דרייפוס,4492
רמות,620,ניסן קושניר,4499
רמות,620,נלסון גליק,5010
רמות,620,נרות שבת,5017
רמות,620,נתיבי עם,5476
רמות,620,סולם יעקב,4432
רמות,620,עליית הנוער,4457
רמות,620,פליקס פרנקפורטר,4444
רמות,620,צונדק,4458
רמות,620,צפרירים,4433
רמות,620,קדימה,4467
רמות,620,קהילות שו''ם,4471
רמות,620,קהילת אונגוואר,4495
רמות,620,ראובן מס,4581
רמות,620,ראובן שרי,5477
רמות,620,רביבים,4434
רמות,620,רמות,6792
רמות,620,רפאל קרניבד,4684
רמות,620,ש''י,4462
רמות,620,שאר ישוב,4588
רמות,620,שדרות גולדה מאיר,4452
רמות,620,שדרות מנחם בגין,1105
רמות,620,שיבת ציון,4431
רמות,620,שירת הים,4435
רמות,620,שלום סיוון,4453
רמות,620,תיאודור לביא,5481
רמות רחל - ארנ,726,אליהו לנקין,1877
רמות רחל - ארנ,726,אנצ'ו בונהונטורה,1882
רמות רחל - ארנ,726,בית''ר,1737
רמות רחל - ארנ,726,בית חוגלה,1828
רמות רחל - ארנ,726,גד טדסקי,1879
רמות רחל - ארנ,726,דוד פלוסר,1871
רמות רחל - ארנ,726,דניאל ינובסקי,5405
רמות רחל - ארנ,726,העסקן,5404
רמות רחל - ארנ,726,השגריר שלמה ארגו,1822
רמות רחל - ארנ,726,ים המלח,1817
רמות רחל - ארנ,726,יצחק בן דור,1883
רמות רחל - ארנ,726,ישראל אלדד,1875
רמות רחל - ארנ,726,לואיג'י לוצאטי,1805
רמות רחל - ארנ,726,פרימו לוי,1881
רמות רחל - ארנ,726,קורץ,1878
רמות רחל - ארנ,726,קרית מוריה, 
רמות רחל - ארנ,726,רב החובל,5401
רמות רחל - ארנ,726,שדרות רותי ברעם,1880
רמות רחל - ארנ,726,שניאור פלג,1876
רמת אשכול,624,אחינועם,112
רמת אשכול,624,הר שפר,4301
רמת אשכול,624,הרב בלוי,107
רמת אשכול,624,יגאל ידין,4773
רמת אשכול,624,ים סוף,4279
רמת אשכול,624,יצחק בסאן,4985
רמת אשכול,624,ליבנה,4294
רמת אשכול,624,מבוא די זהב,4319
רמת אשכול,624,מבוא חצרות,4303
רמת אשכול,624,מבוא יטבתה,4298
רמת אשכול,624,מבוא נחליאל,4305
רמת אשכול,624,מבוא צלמונה,4297
רמת אשכול,624,מבוא רפידים,4304
רמת אשכול,624,מבוא תמנע,4302
רמת אשכול,624,מדבר סיני,4282
רמת אשכול,624,מיכל,111
רמת אשכול,624,מנהרת לוי אשכול, 
רמת אשכול,624,מעבר המיתלה,4277
רמת אשכול,624,מעלה שמעון דב וינ, 
רמת אשכול,624,משמר הגבול,4278
רמת אשכול,624,נחל צין,4299
רמת אשכול,624,עברונה,4300
רמת אשכול,624,עציון גבר,4296
רמת אשכול,624,פארן,4306
רמת אשכול,624,קרל נטר,4317
רמת אשכול,624,רמת הגולן,4280
רמת אשכול,624,שאול המלך,106
רמת אשכול,624,שדרות לוי אשכול,4276
רמת אשכול,624,ששת הימים,4283
רמת דניה,632,אבל פן,464
רמת דניה,632,אריה ל. קובובי,1364
רמת דניה,632,גולומב,1307
רמת דניה,632,גלבר,1385
רמת דניה,632,דסקל,1499
רמת דניה,632,הצייר יוסי,1496
רמת דניה,632,הרב יוסף חיים שרי,1391
רמת דניה,632,חורחה וגרסיה גרנ,1495
רמת דניה,632,ימימה,1497
רמת דניה,632,צבי לייבוביץ',1394
רמת דניה,632,צייטלין,1348
רמת דניה,632,קדיש לוז,1369
רמת דניה,632,שיר לשלמה,1498
רמת מוצא,636,1, 
רמת מוצא,636,אריה מקלף,957
רמת מוצא,636,דב קלימקר,976
רמת מוצא,636,המתנחלים בהר,973
רמת מוצא,636,יחיאל מ.שטיינברג,1136
רמת מוצא,636,יציאה לכביש 1, 
רמת מוצא,636,יציאה למחלף מוצא, 
רמת מוצא,636,רמת מוצא,974
רמת מוצא,636,שמואל ברוזה,956
רמת רחל,640,אשר וינר,1744
רמת רחל,640,דרך בית לחם,1753
רמת רחל,640,דרך חברון,1714
רמת רחל,640,טלעת אלמשהאד,4900
רמת רחל,640,לייב יפה,1740
רמת שלמה,618,1, 
רמת שלמה,618,איגרות משה,4960
רמת שלמה,618,אל וער, 
רמת שלמה,618,ברכת אברהם,4967
רמת שלמה,618,האדמו''ר מליובאוו,4958
רמת שלמה,618,האדמו''ר מסדיגורא,4961
רמת שלמה,618,הצדיק משטפנשט,4975
רמת שלמה,618,הרב אליהו לפיאן,4962
רמת שלמה,618,הרב אלמושנינו,4963
רמת שלמה,618,הרב אלנקווה,4969
רמת שלמה,618,הרב אריה גולדקנו,4954
רמת שלמה,618,הרב בצלאל זולטי,4955
רמת שלמה,618,הרב יהושע ברים,4959
רמת שלמה,618,הרב יוסף שלמה כהנ,4957
רמת שלמה,618,הרב יעקב מוצפי,4976
רמת שלמה,618,הרב מאיר חדש,4952
רמת שלמה,618,הרב משה הרשלר,4956
רמת שלמה,618,הרב עוזי קלכהיים,4970
רמת שלמה,618,הרב עידאן מכלוף,4971
רמת שלמה,618,הרב פתאל,4965
רמת שלמה,618,הרב קלונימוס,4966
רמת שלמה,618,הרב רפאל ברוך טול,4968
רמת שלמה,618,חזון אי''ש,4953
רמת שלמה,618,יגאל ידין,4773
רמת שלמה,618,יהושע שהרבני,4972
רמת שלמה,618,יציאה למחלף יגאל, 
רמת שלמה,618,מבוא הברכה,4973
רמת שלמה,618,מבוא החוסן,4974
רמת שלמה,618,מרדכי בוקסבוים,4951
רמת שלמה,618,קהילות יעקב,4964
רמת שלמה,618,רבי שלמה זלמן דרו,4950
רמת שלמה,618,שדרות מנחם בגין,1105
רמת שרת,632,אינו שאקי,1399
רמת שרת,632,אליעזר ארגוב,1440
רמת שרת,632,ברכה צפירה,1384
רמת שרת,632,גוגה רג'ואן,1439
רמת שרת,632,גולומב,1307
רמת שרת,632,דוד פ. מרץ,1436
רמת שרת,632,הצלם רחמים,1535
רמת שרת,632,הרב יוסף חיים שרי,1391
רמת שרת,632,הרב יצחק אבוהב,2201
רמת שרת,632,השופט בנימין,1517
רמת שרת,632,מיכאל אבי יונה,1137
רמת שרת,632,מיכאל בן חנן,1411
רמת שרת,632,מינצברג,1123
רמת שרת,632,מעלה מוזס, 
רמת שרת,632,משה זילברג,1383
רמת שרת,632,משה נובומיסקי,1357
רמת שרת,632,משה שרת,1368
רמת שרת,632,נזר דוד,1126
רמת שרת,632,פנחס רוזן,1400
רמת שרת,632,פרץ ברנשטיין,1359
רמת שרת,632,קדיש לוז,1369
רמת שרת,632,שמעון מועלם נסים,1438
רמת שרת,632,תורת חיים,1531
רמת שרת,632,תלתן,1437
שדה התעופה עט,728,45, 
שדה התעופה עט,728,60,4416
שדה התעופה עט,728,דרך רמאאלה, 
שומרי החומות,717,אדמון,175
שומרי החומות,717,אוצר הספרים,208
שומרי החומות,717,הרב מנדל בריכטא,481
שומרי החומות,717,הרב שמואל סלנט,173
שומרי החומות,717,כ''ץ,524
שומרי החומות,717,מאה שערים,162
שומרי החומות,717,מחוזא,254
שומרי החומות,717,משה ואסתר לעזער,198
שומרי החומות,717,נציבין,200
שומרי החומות,717,ש.ז. שפיצר,252
שומרי החומות,717,שבטי ישראל,501
שומרי החומות,717,שומרי אמונים,209
שועפאט,652,א שאבי,5586
שועפאט,652,אבן רושד,4634
שועפאט,652,אבראהים בן אדהם, 
שועפאט,652,אום א דראג', 
שועפאט,652,אום אל עמד, 
שועפאט,652,אום אלמואמנין,4747
שועפאט,652,אחמד שאוקי,4666
שועפאט,652,אימאם אבו הורייר, 
שועפאט,652,אל אסמאעי,4639
שועפאט,652,אל דהר,4213
שועפאט,652,אל וער, 
שועפאט,652,אל ח'נסא,5580
שועפאט,652,אל חג'אג' בן יוסף, 
שועפאט,652,אל מאמון,4627
שועפאט,652,אל מערי,4667
שועפאט,652,אל מצאנע,4736
שועפאט,652,אל נאדר, 
שועפאט,652,אל סהל,4731
שועפאט,652,אל פאראבי,4663
שועפאט,652,אל ראס,4249
שועפאט,652,אלאימאן,4856
שועפאט,652,אלאסראא, 
שועפאט,652,אלביאן,4857
שועפאט,652,אלגניד,4859
שועפאט,652,אלוף יקותיאל אדם,4786
שועפאט,652,אלמזדלפה,4873
שועפאט,652,אלמסק,4874
שועפאט,652,אלעלם, 
שועפאט,652,אלפרדוס,4883
שועפאט,652,אלקות'ר,4884
שועפאט,652,אלקעקאע,4885
שועפאט,652,אלרסאלה,4887
שועפאט,652,אלשימאא,4889
שועפאט,652,אלתקווא, 
שועפאט,652,ביר אל סביל,4743
שועפאט,652,בן רבאח,4640
שועפאט,652,דאר א סלאם,5657
שועפאט,652,דרך בית חנינא,4106
שועפאט,652,דרך האלוף עוזי נר,4762
שועפאט,652,דרך ענתות,4801
שועפאט,652,דרך שועפאת,4101
שועפאט,652,ואדי אל ח'לף,5654
שועפאט,652,זייד ת'אבת,4404
שועפאט,652,זמזם, 
שועפאט,652,ח'וצם, 
שועפאט,652,ח'לת סינאד, 
שועפאט,652,חאפז איברהים,5577
שועפאט,652,חסן בן ת'אבת אנסא, 
שועפאט,652,יגאל ידין,4773
שועפאט,652,יציאה לכביש 60, 
שועפאט,652,יציאה למחלף שער מ, 
שועפאט,652,יציאה לרחוב יגאל, 
שועפאט,652,כרם אנג'אץ, 
שועפאט,652,מעאדי בן ג'ביל,4636
שועפאט,652,מרג' אל מהור,5656
שועפאט,652,משאריף,4732
שועפאט,652,עכרמה בן אבי ג'הל, 
שועפאט,652,ראס ח'מיס,4624
שועפאט,652,שדאד בן אוס,4915
שועפאט,652,שדרות משה דיין,4753
שייח ג'ראח,656,אבו בכר א סדיק,4424
שייח ג'ראח,656,אבן ג'ובייר,4199
שייח ג'ראח,656,אל אדיב אסעאף אל,3650
שייח ג'ראח,656,ביבארס,4427
שייח ג'ראח,656,דלמן,211
שייח ג'ראח,656,דרך הר הזיתים,4177
שייח ג'ראח,656,דרך שכם,4162
שייח ג'ראח,656,טובלר,4616
שייח ג'ראח,656,מוג'יר א דין,4428
שייח ג'ראח,656,מוסא סייק,4674
שייח ג'ראח,656,מח''ל,4351
שייח ג'ראח,656,נבי שועיב,4622
שייח ג'ראח,656,עות'מאן בן עפאן,4423
שייח ג'ראח,656,קלרמון גאנו,4601
שייח ג'ראח,656,רג'יב נשאשיבי,4429
שייח ג'ראח,656,שדרות חיים ברלב,4113
שייח ג'ראח,656,שייח' ג'ראח,4118
שייח ג'ראח,656,שמעון הצדיק,235
שכונת החבשים,738,אביגדורי,422
שכונת החבשים,738,אברהם מסלונים,189
שכונת החבשים,738,אדמון,175
שכונת החבשים,738,אתיופיה,402
שכונת החבשים,738,בני ברית,403
שכונת החבשים,738,דבורה הנביאה,401
שכונת החבשים,738,החומה השלישית,511
שכונת החבשים,738,החרש,257
שכונת החבשים,738,המלאכה,256
שכונת החבשים,738,המסגר,197
שכונת החבשים,738,הנביאים,348
שכונת החבשים,738,הרב אברהם יפהן,263
שכונת החבשים,738,הרב מנדל בריכטא,481
שכונת החבשים,738,הרב שמואל סלנט,173
שכונת החבשים,738,הרקח,188
שכונת החבשים,738,חוני המעגל,176
שכונת החבשים,738,חזנוביץ',187
שכונת החבשים,738,חיי אדם,181
שכונת החבשים,738,יוסף גרשון,195
שכונת החבשים,738,מאה שערים,162
שכונת החבשים,738,מבוא אברהם רוזנט,262
שכונת החבשים,738,מונבז,405
שכונת החבשים,738,נתן שטראוס,350
שכונת החבשים,738,עונג שבת,172
שכונת החבשים,738,עידו הנביא,512
שכונת החבשים,738,עין יעקב,164
שכונת החבשים,738,שאול אדלר,472
שכונת החבשים,738,שבטי ישראל,501
שכונת החבשים,738,שלמה זלמן בהר''ן,180
שכונת החבשים,738,שערי משה,185
שמואל הנביא,672,ארץ חפץ,236
שמואל הנביא,672,בר אילן,301
שמואל הנביא,672,חטיבת הראל,248
שמואל הנביא,672,מגן האלף,260
שמואל הנביא,672,מקווה ישראל,4318
שמואל הנביא,672,עץ הדר,238
שמואל הנביא,672,פיתוחי חותם,237
שמואל הנביא,672,שדרות לוי אשכול,4276
שמואל הנביא,672,שמואל הנביא,116
שמואל הנביא,672,שמעון הצדיק,235
שמואל הנביא,672,תדהר,4350
שמעון הצדיק,737,ארזי הבירה,261
שמעון הצדיק,737,גמול,216
שמעון הצדיק,737,חיים עוזר,149
שמעון הצדיק,737,חיל ההנדסה,4110
שמעון הצדיק,737,יהויריב,255
שמעון הצדיק,737,יקים,213
שמעון הצדיק,737,משה זקס,239
שמעון הצדיק,737,סמטת האמונה,520
שמעון הצדיק,737,פייר ואן פאסן,4286
שמעון הצדיק,737,פתחיה,214
שמעון הצדיק,737,ראם,227
שמעון הצדיק,737,שבטי ישראל,501
שמעון הצדיק,737,שדרות חיים ברלב,4113
שמעון הצדיק,737,שמואל הנביא,116
שמעון הצדיק,737,שמריה,215
תל ארזה עזרת,718,אביתר הכהן,233
תל ארזה עזרת,718,אבן האזל,389
תל ארזה עזרת,718,אוהלי יוסף,232
תל ארזה עזרת,718,אליעזרוב,400
תל ארזה עזרת,718,אליפז,234
תל ארזה עזרת,718,אלקנה,315
תל ארזה עזרת,718,בר אילן,301
תל ארזה עזרת,718,גבעת משה,2052
תל ארזה עזרת,718,דובב מישרים,394
תל ארזה עזרת,718,דורש טוב,397
תל ארזה עזרת,718,הגאון מטורדא,392
תל ארזה עזרת,718,הרב חנוך מנדל גרו,393
תל ארזה עזרת,718,הרב שמעון חכם,138
תל ארזה עזרת,718,חכם שמואל ברוכים,2051
תל ארזה עזרת,718,חנה,317
תל ארזה עזרת,718,יוסף זיו,105
תל ארזה עזרת,718,יעקובזון,395
תל ארזה עזרת,718,ירמיהו,937
תל ארזה עזרת,718,כי טוב,391
תל ארזה עזרת,718,מחניים,113
תל ארזה עזרת,718,מעלות הרב בן ציון, 
תל ארזה עזרת,718,ניסן ב''ק,104
תל ארזה עזרת,718,עזרת תורה,390
תל ארזה עזרת,718,עלי הכהן,314
תל ארזה עזרת,718,פנינה,985
תל ארזה עזרת,718,רבנו גרשום,121
תל ארזה עזרת,718,שדרות גולדה מאיר,4452
תל ארזה עזרת,718,שמואל הנביא,116
תל ארזה עזרת,718,שפע חיים,398
תלפיות,708,אברהם אוליצור,1749
תלפיות,708,אברהם שלום יהודה,1791
תלפיות,708,אליהו לנקין,1877
תלפיות,708,אסתר המלכה,1790
תלפיות,708,אפרתה,1735
תלפיות,708,אריה דוסטרובסקי,1831
תלפיות,708,אשריאל בוזגלו,1869
תלפיות,708,בית''ר,1737
תלפיות,708,בית הערבה,1750
תלפיות,708,בית חוגלה,1828
תלפיות,708,בן גבריאל,1680
תלפיות,708,ברזילי,1799
תלפיות,708,גלעדי,1733
תלפיות,708,דוד פלוסר,1871
תלפיות,708,דניאל ינובסקי,5405
תלפיות,708,דרך בית לחם,1753
תלפיות,708,דרך חברון,1714
תלפיות,708,האומן,1839
תלפיות,708,הירדן,1734
תלפיות,708,המזרחן,1846
תלפיות,708,הקצין סילבר,1834
תלפיות,708,התנופה,1847
תלפיות,708,וולטר אבלס,1754
תלפיות,708,זגפריד מוזס,1443
תלפיות,708,חנוך אלבק,1731
תלפיות,708,יד חרוצים,1842
תלפיות,708,ים המלח,1817
תלפיות,708,ישראל אלדד,1875
תלפיות,708,כפר עציון,1746
תלפיות,708,לייב יפה,1740
תלפיות,708,מעשה חושב,1838
תלפיות,708,מרדכי כספי,1727
תלפיות,708,מרים החשמונאית,1760
תלפיות,708,משעול יעקב, 
תלפיות,708,משעול יפה, 
תלפיות,708,נחום שדמי,1755
תלפיות,708,עין גדי,1736
תלפיות,708,קדושי שלוניקי,1800
תלפיות,708,קורא הדורות,1738
תלפיות,708,קלוזנר,1747
תלפיות,708,קרליבך,1739
תלפיות,708,רבקה,1786
תלפיות,708,שדרות עין צורים,659
תלפיות - תעשי,712,איחוד הכפר,4285
תלפיות - תעשי,712,אשר וינר,1744
תלפיות - תעשי,712,בית היוצר,1859
תלפיות - תעשי,712,בעלי המלאכה,1835
תלפיות - תעשי,712,גנרל פייר קניג,1787
תלפיות - תעשי,712,דרך בית לחם,1753
תלפיות - תעשי,712,דרך חברון,1714
תלפיות - תעשי,712,דרך משה ברעם,1864
תלפיות - תעשי,712,האומן,1839
תלפיות - תעשי,712,הגלגל,1858
תלפיות - תעשי,712,החרושת,1863
תלפיות - תעשי,712,המזרחן,1846
תלפיות - תעשי,712,הסדנא,1836
תלפיות - תעשי,712,הפרסה,1860
תלפיות - תעשי,712,הקצין סילבר,1834
תלפיות - תעשי,712,הרכב,1837
תלפיות - תעשי,712,הרכבים,1797
תלפיות - תעשי,712,התנופה,1847
תלפיות - תעשי,712,התעשייה,1840
תלפיות - תעשי,712,חרשי ברזל,1841
תלפיות - תעשי,712,יד חרוצים,1842
תלפיות - תעשי,712,יעקב בן דב,1432
תלפיות - תעשי,712,מבוא סם שפיגל,204
תלפיות - תעשי,712,מעשה חושב,1838
תלפיות - תעשי,712,משעול יעקב, 
תלפיות - תעשי,712,משעול יפה, 
תלפיות - תעשי,712,פועלי צדק,1843
תלפיות - תעשי,712,צרת,1795
תלפיות - תעשי,712,קניון הדר, 
תלפיות - תעשי,712,שביל האריה,1862
תלפיות - תעשי,712,שביל הטובה,1861
תלפיות - תעשי,712,שמעון בטש,1850
תלפיות מזרח,360,אבו רביע,5701
תלפיות מזרח,360,אברהם לוי, 
תלפיות מזרח,360,אבשלום חביב,4326
תלפיות מזרח,360,אדם,5403
תלפיות מזרח,360,אייזיק רמבה,5402
תלפיות מזרח,360,אליהו בית צורי,4334
תלפיות מזרח,360,אליהו חכים,4333
תלפיות מזרח,360,אליהו לנקין,1877
תלפיות מזרח,360,אליעזר קשאני,4330
תלפיות מזרח,360,אלכסנדר רובוביץ',4349
תלפיות מזרח,360,אנוסי משהד,5410
תלפיות מזרח,360,אשר וינר,1744
תלפיות מזרח,360,גרשון אבנר,1821
תלפיות מזרח,360,דב גרונר,4328
תלפיות מזרח,360,דוד רזיאל,4335
תלפיות מזרח,360,דניאל ינובסקי,5405
תלפיות מזרח,360,המחתרות,2013
תלפיות מזרח,360,העסקן,5404
תלפיות מזרח,360,הרשל גרינשפן,4357
תלפיות מזרח,360,חוה ארציאלי,5411
תלפיות מזרח,360,טיילת ריצ'רד ורוד, 
תלפיות מזרח,360,יחיאל דרזנר,4332
תלפיות מזרח,360,יעקב וייס,4338
תלפיות מזרח,360,יעקב רז,5601
תלפיות מזרח,360,לואיג'י לוצאטי,1805
תלפיות מזרח,360,מאיר נקר,4327
תלפיות מזרח,360,מאיר פיינשטיין,4337
תלפיות מזרח,360,מרדכי אלקחי,4331
תלפיות מזרח,360,מרכז קליטה תלפיו, 
תלפיות מזרח,360,משה ברזני,4336
תלפיות מזרח,360,משה מרזוק,4355
תלפיות מזרח,360,עולי הגרדום,4325
תלפיות מזרח,360,על''ר,4374
תלפיות מזרח,360,פרימו לוי,1881
תלפיות מזרח,360,קדושי בבל,4347
תלפיות מזרח,360,קרית מוריה, 
תלפיות מזרח,360,רב החובל,5401
תלפיות מזרח,360,שלמה בן יוסף,4329
תלפיות מזרח,360,שמואל עזר,4356